{
  "mcr": {
    "50": {
      "$type": "color",
      "$value": "#fffdf0"
    },
    "100": {
      "$type": "color",
      "$value": "#fffdeb"
    },
    "200": {
      "$type": "color",
      "$value": "#fff6c2"
    },
    "300": {
      "$type": "color",
      "$value": "#ffec99"
    },
    "400": {
      "$type": "color",
      "$value": "#ffe070"
    },
    "500": {
      "$type": "color",
      "$value": "#ffd147"
    },
    "600": {
      "$type": "color",
      "$value": "#ffc01f"
    },
    "700": {
      "$type": "color",
      "$value": "#d9990f"
    },
    "800": {
      "$type": "color",
      "$value": "#b37504"
    },
    "900": {
      "$type": "color",
      "$value": "#8c5600"
    },
    "950": {
      "$type": "color",
      "$value": "#663c00"
    }
  },
  "nlfc": {
    "primary": {
      "50": {
        "$type": "color",
        "$value": "#f0f7ff"
      },
      "100": {
        "$type": "color",
        "$value": "#dfeeff"
      },
      "200": {
        "$type": "color",
        "$value": "#b9defe"
      },
      "300": {
        "$type": "color",
        "$value": "#7bc5fe"
      },
      "400": {
        "$type": "color",
        "$value": "#34a7fc"
      },
      "500": {
        "$type": "color",
        "$value": "#0a8ded"
      },
      "600": {
        "$type": "color",
        "$value": "#006dcb"
      },
      "700": {
        "$type": "color",
        "$value": "#005bac"
      },
      "800": {
        "$type": "color",
        "$value": "#054b87"
      },
      "900": {
        "$type": "color",
        "$value": "#0a3e70"
      },
      "950": {
        "$type": "color",
        "$value": "#07274a"
      }
    },
    "secondary": {
      "50": {
        "$type": "color",
        "$value": "#fef2f2"
      },
      "100": {
        "$type": "color",
        "$value": "#fee2e2"
      },
      "200": {
        "$type": "color",
        "$value": "#fecaca"
      },
      "300": {
        "$type": "color",
        "$value": "#fca5a5"
      },
      "400": {
        "$type": "color",
        "$value": "#f87171"
      },
      "500": {
        "$type": "color",
        "$value": "#ef4444"
      },
      "600": {
        "$type": "color",
        "$value": "#dc2626"
      },
      "700": {
        "$type": "color",
        "$value": "#b91c1c"
      },
      "800": {
        "$type": "color",
        "$value": "#991b1b"
      },
      "900": {
        "$type": "color",
        "$value": "#7f1d1d"
      },
      "950": {
        "$type": "color",
        "$value": "#450a0a"
      }
    }
  },
  "learnai": {
    "50": {
      "$type": "color",
      "$value": "#eff6ff"
    },
    "100": {
      "$type": "color",
      "$value": "#dbeafe"
    },
    "200": {
      "$type": "color",
      "$value": "#bfdbfe"
    },
    "300": {
      "$type": "color",
      "$value": "#93c5fd"
    },
    "400": {
      "$type": "color",
      "$value": "#60a5fa"
    },
    "500": {
      "$type": "color",
      "$value": "#3b82f6"
    },
    "600": {
      "$type": "color",
      "$value": "#2563eb"
    },
    "700": {
      "$type": "color",
      "$value": "#1d4ed8"
    },
    "800": {
      "$type": "color",
      "$value": "#1f42b5"
    },
    "900": {
      "$type": "color",
      "$value": "#1e3a8a"
    },
    "950": {
      "$type": "color",
      "$value": "#172554"
    }
  }
}