{
  "wrapper-padding-horizontal": {
    "$type": "dimension",
    "$value": "{spacing.sm}"
  },
  "sidebar": {
    "width": {
      "$type": "dimension",
      "$value": "248px"
    },
    "rounded-item": {
      "$type": "dimension",
      "$value": "{rounded.md}"
    },
    "icon-size": {
      "$type": "dimension",
      "$value": "{size.sm-2}"
    },
    "gap": {
      "text": {
        "$type": "dimension",
        "$value": "{spacing.xs}"
      },
      "content": {
        "$type": "dimension",
        "$value": "{spacing.xs-3}"
      }
    },
    "padding": {
      "horizontal": {
        "content": {
          "main": {
            "$type": "dimension",
            "$value": "{spacing.xs}"
          }
        },
        "container": {
          "$type": "dimension",
          "$value": "{spacing.xs}"
        }
      },
      "vertical": {
        "content": {
          "$type": "dimension",
          "$value": "{spacing.xs-2}"
        },
        "container": {
          "$type": "dimension",
          "$value": "{spacing.xs-3}"
        }
      }
    }
  },
  "home-indicator-iOS": {
    "$type": "dimension",
    "$value": "34px"
  },
  "statusbar-iOS": {
    "$type": "dimension",
    "$value": "47px"
  },
  "viewport": {
    "web": {
      "width": {
        "md": {
          "$type": "dimension",
          "$value": "1440px"
        },
        "sm": {
          "$type": "dimension",
          "$value": "1366px"
        }
      },
      "height": {
        "md": {
          "$type": "dimension",
          "$value": "960px"
        },
        "sm": {
          "$type": "dimension",
          "$value": "768px"
        }
      }
    }
  },
  "ui-control": {
    "size": {
      "lg": {
        "$type": "dimension",
        "$value": "{size.xl-2}",
        "$description": "UI control size: Use for Width/Height of element"
      },
      "md": {
        "$type": "dimension",
        "$value": "{size.xl}",
        "$description": "UI control size: Use for Width/Height of element"
      },
      "sm": {
        "$type": "dimension",
        "$value": "{size.lg}",
        "$description": "UI control size: Use for Width/Height of element"
      },
      "xs": {
        "$type": "dimension",
        "$value": "{size.md}",
        "$description": "UI control size: Use for Width/Height of element"
      },
      "xs-2": {
        "$type": "dimension",
        "$value": "{size.sm-2}",
        "$description": "UI control size: Use for Width/Height of element"
      },
      "xs-3": {
        "$type": "dimension",
        "$value": "{size.sm-4}",
        "$description": "UI control size: Use for Width/Height of element"
      }
    },
    "icon": {
      "lg": {
        "$type": "dimension",
        "$value": "{size.md}"
      },
      "md": {
        "$type": "dimension",
        "$value": "{size.sm-2}"
      },
      "sm": {
        "$type": "dimension",
        "$value": "{size.sm-3}"
      },
      "xs": {
        "$type": "dimension",
        "$value": "{size.sm-4}"
      },
      "xs-2": {
        "$type": "dimension",
        "$value": "{size.xs}"
      }
    },
    "rounded": {
      "xl": {
        "$type": "dimension",
        "$value": "{rounded.xl-2}"
      },
      "lg": {
        "$type": "dimension",
        "$value": "{rounded.xl}",
        "$description": "Components are used: Card, Dialog, Bottom sheet"
      },
      "md": {
        "$type": "dimension",
        "$value": "{rounded.lg}"
      },
      "sm": {
        "$type": "dimension",
        "$value": "{rounded.lg}"
      },
      "xs": {
        "$type": "dimension",
        "$value": "{rounded.sm}"
      },
      "xs-2": {
        "$type": "dimension",
        "$value": "{rounded.sm}"
      }
    },
    "padding": {
      "horizontal-lg": {
        "$type": "dimension",
        "$value": "{spacing.sm}"
      },
      "horizontal-md": {
        "$type": "dimension",
        "$value": "{spacing.sm-2}"
      },
      "horizontal-sm": {
        "$type": "dimension",
        "$value": "{spacing.xs}"
      },
      "horizontal-xs": {
        "$type": "dimension",
        "$value": "{spacing.xs-2}"
      },
      "horizontal-2": {
        "$type": "dimension",
        "$value": "{spacing.xs-3}"
      }
    }
  },
  "alert": {
    "gap": {
      "$type": "dimension",
      "$value": "{spacing.xs}"
    },
    "padding": {
      "horizontal": {
        "$type": "dimension",
        "$value": "{spacing.sm-2}"
      },
      "vertical": {
        "$type": "dimension",
        "$value": "{spacing.xs}"
      }
    },
    "icon-size": {
      "$type": "dimension",
      "$value": "{size.sm-2}"
    },
    "rounded": {
      "$type": "dimension",
      "$value": "{rounded.lg}"
    }
  },
  "input": {
    "gap": {
      "$type": "dimension",
      "$value": "{spacing.xs-3}"
    },
    "icon-size": {
      "lg": {
        "$type": "dimension",
        "$value": "{size.md}"
      },
      "md": {
        "$type": "dimension",
        "$value": "{size.sm-2}"
      },
      "sm": {
        "$type": "dimension",
        "$value": "{size.sm-4}"
      }
    },
    "padding": {
      "horizontal": {
        "lg": {
          "$type": "dimension",
          "$value": "{spacing.sm}"
        },
        "md": {
          "$type": "dimension",
          "$value": "{spacing.sm-2}"
        },
        "sm": {
          "$type": "dimension",
          "$value": "{spacing.xs}"
        }
      },
      "vertical": {
        "vertical-lg": {
          "$type": "dimension",
          "$value": "{spacing.sm-2}"
        },
        "vertical-md": {
          "$type": "dimension",
          "$value": "10px"
        },
        "vertical-sm": {
          "$type": "dimension",
          "$value": "{spacing.xs-2}"
        }
      }
    },
    "height": {
      "lg": {
        "$type": "dimension",
        "$value": "{size.xl-2}"
      },
      "md": {
        "$type": "dimension",
        "$value": "{size.xl}"
      },
      "sm": {
        "$type": "dimension",
        "$value": "{size.lg}"
      },
      "xs": {
        "$type": "dimension",
        "$value": "{size.md}"
      },
      "xs-2": {
        "$type": "dimension",
        "$value": "{size.xs-2}"
      }
    },
    "rounded": {
      "lg": {
        "$type": "dimension",
        "$value": "{rounded.lg}"
      },
      "md": {
        "$type": "dimension",
        "$value": "{rounded.lg}"
      },
      "sm": {
        "$type": "dimension",
        "$value": "{rounded.lg}"
      }
    }
  },
  "badge": {
    "icon-size": {
      "md": {
        "$type": "dimension",
        "$value": "{size.sm-4}"
      },
      "sm": {
        "$type": "dimension",
        "$value": "{size.xs}"
      }
    },
    "gap": {
      "sm": {
        "$type": "dimension",
        "$value": "{spacing.xs-4}"
      },
      "md": {
        "$type": "dimension",
        "$value": "{spacing.xs-3}"
      }
    },
    "padding": {
      "horizontal": {
        "md": {
          "$type": "dimension",
          "$value": "{spacing.xs-2}"
        },
        "md-pill": {
          "$type": "dimension",
          "$value": "{spacing.xs}"
        },
        "sm": {
          "$type": "dimension",
          "$value": "{spacing.xs-3}"
        },
        "sm-pill": {
          "$type": "dimension",
          "$value": "{spacing.xs-3}"
        }
      },
      "vertical": {
        "md": {
          "$type": "dimension",
          "$value": "{spacing.xs-4}"
        },
        "sm": {
          "$type": "dimension",
          "$value": "{spacing.none}"
        }
      }
    },
    "rounded": {
      "full": {
        "$type": "dimension",
        "$value": "{rounded.full}"
      },
      "md": {
        "$type": "dimension",
        "$value": "{rounded.md}"
      },
      "sm": {
        "$type": "dimension",
        "$value": "{rounded.sm}"
      }
    }
  },
  "button": {
    "icon-size": {
      "lg": {
        "$type": "dimension",
        "$value": "{size.md}"
      },
      "md": {
        "$type": "dimension",
        "$value": "{size.sm-2}"
      },
      "sm": {
        "$type": "dimension",
        "$value": "{size.sm-3}"
      },
      "xs": {
        "$type": "dimension",
        "$value": "{size.sm-4}"
      },
      "xs-2": {
        "$type": "dimension",
        "$value": "{size.sm-4}"
      }
    },
    "gap": {
      "lg": {
        "$type": "dimension",
        "$value": "{spacing.xs-3}"
      },
      "md": {
        "$type": "dimension",
        "$value": "{spacing.xs-3}"
      },
      "sm": {
        "$type": "dimension",
        "$value": "{spacing.xs-3}"
      },
      "xs": {
        "$type": "dimension",
        "$value": "{spacing.xs-3}"
      },
      "xs-2": {
        "$type": "dimension",
        "$value": "{spacing.xs-4}"
      }
    },
    "rounded": {
      "lg": {
        "$type": "dimension",
        "$value": "{rounded.lg}"
      },
      "md": {
        "$type": "dimension",
        "$value": "{rounded.lg}"
      },
      "focus-ring": {
        "lg": {
          "$type": "dimension",
          "$value": "11px"
        },
        "md": {
          "$type": "dimension",
          "$value": "11px"
        },
        "sm": {
          "$type": "dimension",
          "$value": "11px"
        },
        "xs": {
          "$type": "dimension",
          "$value": "7px"
        },
        "xs-2": {
          "$type": "dimension",
          "$value": "7px"
        }
      },
      "sm": {
        "$type": "dimension",
        "$value": "{rounded.lg}"
      },
      "xs": {
        "$type": "dimension",
        "$value": "{rounded.sm}"
      },
      "xs-2": {
        "$type": "dimension",
        "$value": "{rounded.sm}"
      }
    },
    "padding": {
      "horizontal": {
        "lg": {
          "$type": "dimension",
          "$value": "{spacing.sm}"
        },
        "md": {
          "$type": "dimension",
          "$value": "{spacing.sm-2}"
        },
        "sm": {
          "$type": "dimension",
          "$value": "{spacing.xs}"
        },
        "xs": {
          "$type": "dimension",
          "$value": "{spacing.xs-2}"
        },
        "xs-2": {
          "$type": "dimension",
          "$value": "{spacing.xs-3}"
        }
      },
      "vertical": {
        "lg": {
          "$type": "dimension",
          "$value": "{spacing.sm-2}"
        },
        "md": {
          "$type": "dimension",
          "$value": "{spacing.none}"
        },
        "sm": {
          "$type": "dimension",
          "$value": "{spacing.none}"
        },
        "xs": {
          "$type": "dimension",
          "$value": "{spacing.none}"
        },
        "xs-2": {
          "$type": "dimension",
          "$value": "{spacing.none}"
        }
      }
    },
    "height": {
      "lg": {
        "$type": "dimension",
        "$value": "{size.xl-2}"
      },
      "md": {
        "$type": "dimension",
        "$value": "{size.xl}"
      },
      "sm": {
        "$type": "dimension",
        "$value": "{size.lg}"
      },
      "xs": {
        "$type": "dimension",
        "$value": "{size.md}"
      },
      "xs-2": {
        "$type": "dimension",
        "$value": "{size.sm-2}"
      }
    }
  },
  "button-stack": {
    "gap": {
      "$type": "dimension",
      "$value": "{spacing.xs}"
    }
  },
  "card": {
    "gap": {
      "header": {
        "$type": "dimension",
        "$value": "{spacing.xs}"
      },
      "body": {
        "$type": "dimension",
        "$value": "{spacing.sm}"
      }
    },
    "padding": {
      "horizontal": {
        "$type": "dimension",
        "$value": "{spacing.sm}"
      },
      "vertical-header": {
        "$type": "dimension",
        "$value": "{spacing.sm-2}"
      },
      "vertical-body": {
        "$type": "dimension",
        "$value": "{spacing.sm}"
      }
    },
    "rounded": {
      "$type": "dimension",
      "$value": "{rounded.xl-2}"
    },
    "height-header-complex": {
      "$type": "dimension",
      "$value": "{size.xl-4}",
      "$description": "Height 64px"
    }
  },
  "checkbox": {
    "rounded": {
      "$type": "dimension",
      "$value": "{rounded.sm}"
    },
    "rounded-focus-ring": {
      "$type": "dimension",
      "$value": "7px"
    }
  },
  "radio": {
    "rounded-focus-ring": {
      "$type": "dimension",
      "$value": "{rounded.full}"
    }
  },
  "toggle": {
    "rounded": {
      "$type": "dimension",
      "$value": "{rounded.full}"
    },
    "rounded-focus-ring": {
      "$type": "dimension",
      "$value": "{rounded.full}"
    }
  },
  "segment-control": {
    "rounded": {
      "item": {
        "$type": "dimension",
        "$value": "{rounded.lg}"
      },
      "container": {
        "$type": "dimension",
        "$value": "{rounded.xl}"
      }
    },
    "icon-size": {
      "$type": "dimension",
      "$value": "{size.sm-4}"
    },
    "gap": {
      "item": {
        "$type": "dimension",
        "$value": "{spacing.xs-3}"
      },
      "container": {
        "$type": "dimension",
        "$value": "{spacing.none}"
      }
    },
    "min-width-item": {
      "$type": "dimension",
      "$value": "{size.lg}"
    },
    "min-height-item": {
      "$type": "dimension",
      "$value": "{size.lg}"
    },
    "height-container": {
      "$type": "dimension",
      "$value": "{size.xl}"
    },
    "padding": {
      "horizontal": {
        "item": {
          "$type": "dimension",
          "$value": "{spacing.xs}"
        },
        "container": {
          "$type": "dimension",
          "$value": "{spacing.xs-3}"
        }
      },
      "vertical": {
        "item": {
          "$type": "dimension",
          "$value": "{spacing.xs-2}"
        },
        "container": {
          "$type": "dimension",
          "$value": "{spacing.xs-3}"
        }
      }
    }
  },
  "snackbars": {
    "icon-size": {
      "$type": "dimension",
      "$value": "{size.sm-2}"
    },
    "rounded": {
      "$type": "dimension",
      "$value": "{rounded.lg}"
    },
    "horizontal": {
      "$type": "dimension",
      "$value": "{spacing.sm-2}"
    },
    "vertical-grid-view": {
      "$type": "dimension",
      "$value": "{spacing.sm-2}"
    },
    "vertical-list-view": {
      "$type": "dimension",
      "$value": "{spacing.xs}"
    }
  },
  "dropdown": {
    "gap": {
      "text": {
        "$type": "dimension",
        "$value": "{spacing.xs-3}"
      },
      "content": {
        "$type": "dimension",
        "$value": "{spacing.xs}"
      }
    },
    "icon-size": {
      "$type": "dimension",
      "$value": "{size.sm-4}"
    },
    "rounded": {
      "item": {
        "$type": "dimension",
        "$value": "{rounded.lg}"
      },
      "container": {
        "$type": "dimension",
        "$value": "{rounded.xl}"
      }
    },
    "padding": {
      "horizontal-item": {
        "$type": "dimension",
        "$value": "{spacing.sm-2}"
      },
      "horizontal-container": {
        "$type": "dimension",
        "$value": "{spacing.none}"
      },
      "vertical-item": {
        "$type": "dimension",
        "$value": "{spacing.xs}"
      },
      "vertical-container": {
        "$type": "dimension",
        "$value": "{spacing.xs-4}"
      }
    }
  },
  "list": {
    "gap": {
      "content": {
        "$type": "dimension",
        "$value": "{spacing.xs}"
      }
    },
    "padding": {
      "horizontal": {
        "$type": "dimension",
        "$value": "{wrapper-padding-horizontal}"
      },
      "vertical": {
        "$type": "dimension",
        "$value": "{spacing.sm-2}"
      }
    },
    "max-height": {
      "$type": "dimension",
      "$value": "{size.xl-4}",
      "$description": "Height 64px"
    }
  },
  "tooltip": {
    "padding": {
      "horizontal": {
        "$type": "dimension",
        "$value": "{spacing.xs}"
      },
      "vertical": {
        "$type": "dimension",
        "$value": "{spacing.xs-3}"
      }
    },
    "rounded": {
      "$type": "dimension",
      "$value": "{rounded.sm}"
    },
    "gap": {
      "$type": "dimension",
      "$value": "4px"
    }
  },
  "tabs": {
    "horizontal-item": {
      "$type": "dimension",
      "$value": "{spacing.sm-2}"
    },
    "vertical-item": {
      "$type": "dimension",
      "$value": "{spacing.xs}"
    }
  },
  "pagination": {
    "gap": {
      "lg": {
        "$type": "dimension",
        "$value": "{spacing.xs-3}"
      },
      "sm": {
        "$type": "dimension",
        "$value": "{spacing.xs-3}"
      },
      "md": {
        "$type": "dimension",
        "$value": "{spacing.xs-3}"
      },
      "xs": {
        "$type": "dimension",
        "$value": "{spacing.xs-3}"
      },
      "xs-2": {
        "$type": "dimension",
        "$value": "{spacing.xs-4}"
      }
    },
    "rounded": {
      "$type": "dimension",
      "$value": "{rounded.lg}"
    },
    "rounded-focus-ring": {
      "$type": "dimension",
      "$value": "11px"
    },
    "padding-horizontal": {
      "$type": "dimension",
      "$value": "{spacing.xs-4}"
    },
    "padding-vertical": {
      "$type": "dimension",
      "$value": "{spacing.xs-4}"
    },
    "size-container": {
      "$type": "dimension",
      "$value": "{ui-control.size.sm}"
    },
    "size-icon": {
      "$type": "dimension",
      "$value": "{ui-control.icon.sm}"
    }
  },
  "chip": {
    "icon-size": {
      "lg": {
        "$type": "dimension",
        "$value": "{size.md}"
      },
      "md": {
        "$type": "dimension",
        "$value": "{size.sm-2}"
      },
      "sm": {
        "$type": "dimension",
        "$value": "{size.sm-3}"
      },
      "xs": {
        "$type": "dimension",
        "$value": "{size.sm-4}"
      }
    },
    "height": {
      "lg": {
        "$type": "dimension",
        "$value": "{size.xl-2}"
      },
      "md": {
        "$type": "dimension",
        "$value": "{size.xl}"
      },
      "sm": {
        "$type": "dimension",
        "$value": "{size.lg}"
      },
      "xs": {
        "$type": "dimension",
        "$value": "{size.md}"
      }
    },
    "gap": {
      "lg": {
        "$type": "dimension",
        "$value": "{spacing.xs-3}"
      },
      "md": {
        "$type": "dimension",
        "$value": "{spacing.xs-3}"
      },
      "sm": {
        "$type": "dimension",
        "$value": "{spacing.xs-3}"
      },
      "xs": {
        "$type": "dimension",
        "$value": "{spacing.xs-3}"
      }
    },
    "padding": {
      "horizontal": {
        "lg": {
          "$type": "dimension",
          "$value": "{size.sm-4}"
        },
        "md": {
          "$type": "dimension",
          "$value": "{spacing.xs-2}"
        },
        "sm": {
          "$type": "dimension",
          "$value": "{spacing.xs-3}"
        }
      },
      "vertical": {
        "md": {
          "$type": "dimension",
          "$value": "{spacing.xs-4}"
        },
        "sm": {
          "$type": "dimension",
          "$value": "{spacing.none}"
        }
      }
    },
    "rounded": {
      "$type": "dimension",
      "$value": "{rounded.full}"
    }
  },
  "toast": {
    "gap": {
      "$type": "dimension",
      "$value": "{spacing.xs}"
    },
    "padding": {
      "horizontal": {
        "$type": "dimension",
        "$value": "{spacing.sm-2}"
      },
      "vertical": {
        "$type": "dimension",
        "$value": "{spacing.xs}"
      }
    },
    "icon-size": {
      "$type": "dimension",
      "$value": "{size.sm-2}"
    },
    "rounded": {
      "$type": "dimension",
      "$value": "{rounded.lg}"
    }
  },
  "popover": {
    "gap-text": {
      "$type": "dimension",
      "$value": "{spacing.xs-3}"
    },
    "gap-content": {
      "$type": "dimension",
      "$value": "{spacing.xs}"
    },
    "padding": {
      "horizontal": {
        "$type": "dimension",
        "$value": "{spacing.sm-2}"
      },
      "vertical": {
        "$type": "dimension",
        "$value": "{spacing.sm-2}"
      }
    },
    "icon-size": {
      "$type": "dimension",
      "$value": "{size.sm-2}"
    },
    "rounded": {
      "$type": "dimension",
      "$value": "{rounded.lg}"
    }
  },
  "dialog": {
    "gap-content": {
      "$type": "dimension",
      "$value": "{spacing.sm}"
    },
    "padding": {
      "body": {
        "horizontal": {
          "$type": "dimension",
          "$value": "{spacing.sm}"
        },
        "vertical": {
          "$type": "dimension",
          "$value": "{spacing.sm}"
        }
      }
    },
    "rounded": {
      "$type": "dimension",
      "$value": "{rounded.xl-2}"
    }
  },
  "avatar": {
    "rounded": {
      "md": {
        "$type": "dimension",
        "$value": "{rounded.lg}"
      },
      "sm": {
        "$type": "dimension",
        "$value": "{rounded.sm}"
      },
      "xs": {
        "$type": "dimension",
        "$value": "{rounded.xs}"
      },
      "full": {
        "$type": "dimension",
        "$value": "{rounded.full}"
      }
    }
  },
  "table": {
    "padding": {
      "horizontal": {
        "$type": "dimension",
        "$value": "{spacing.sm-2}"
      }
    },
    "rounded": {
      "$type": "dimension",
      "$value": "{rounded.lg}"
    }
  }
}