{
  "bg": {
    "surface": {
      "level-1": {
        "$type": "color",
        "$value": "{white}",
        "$description": "The primary surface of application"
      },
      "level-2": {
        "$type": "color",
        "$value": "{neutral.100}",
        "$description": "The secondary surface of application (Lower contrast to make the higher level outstanding), it’s often group other UI elements  \n\nContainer background:\n→ Page that contains many card inside (Optional & depends on context of use) \n→ Card/Dialog(Modal) Body that contains many sub-cards inside it"
      },
      "level-3": {
        "$type": "color",
        "$value": "{white}",
        "$description": "Navigation elements (Header, Navigation, Sidebar), and other elements background such as:\n\nContainer background: \n→ Top navigation\n→ Sidebar\n→ Button Outline\n→ Chip Unselected\n→ Card Header, Body, Footer\n→ Dropdown container"
      },
      "level-4": {
        "$type": "color",
        "$value": "#000000a3",
        "$description": "The black blurry overlay that contains these elements/components above such as Dialog (Modal)"
      },
      "level-5": {
        "$type": "color",
        "$value": "{white}",
        "$description": "The highest surface of application (Overlay on the modal) of Floating elements such as Tooltip, Popover\n\nContainer background:  → Tooltip"
      }
    },
    "input": {
      "$type": "color",
      "$value": "{white}",
      "$description": "Background container for input field in Rest, Hover, Focused, and Pressed state"
    },
    "input-disabled": {
      "$type": "color",
      "$value": "{neutral.100}",
      "$description": "Background container for input field in Disabled, Read-only state"
    },
    "neutral": {
      "rest": {
        "$type": "color",
        "$value": "{neutral.200}",
        "$description": "Background (bg) Neutral – Rest\n\nContainer background: \n→ Avatar Initials generic icon, and text\n→ Date picker Item (Default, Past & Future) – Hover\n→ Dropdown Item – Hover\n→ Pagination Item – Hover\n→ Sidebar Item – Hover\n→ Tab Item – Hover"
      },
      "hover": {
        "$type": "color",
        "$value": "{neutral.300}",
        "$description": "Background (bg) Neutral – Hover\n\nContainer background: \n→ Avatar Initials (Generic icon, Overflow)\n→ Date picker Item (Default, Past & Future) – Hover\n→ Dropdown Item – Pressed\n→ Pagination Item – Pressed\n→ Sidebar Item – Pressed\n→ Tab Item – Pressed"
      },
      "pressed": {
        "$type": "color",
        "$value": "{neutral.400}",
        "$description": "Background (bg) Neutral – Pressed"
      },
      "disabled": {
        "$type": "color",
        "$value": "{neutral.100}",
        "$description": "Background (bg) Neutral – Disabled"
      },
      "subtle": {
        "$type": "color",
        "$value": "{neutral.100}",
        "$description": "Background (bg) Neutral Subtle – Rest"
      },
      "bold": {
        "rest": {
          "$type": "color",
          "$value": "{neutral.200}",
          "$description": "Background (bg) Neutral Bold – Rest\n\nContainer background:\n→ Alert Neutral un-emphasize\n→ Badge Neutral un-emphasize\n→ Button Neutral"
        },
        "hover": {
          "$type": "color",
          "$value": "{neutral.300}",
          "$description": "Background (bg) Neutral Bold – Hover\n\nContainer background:\n→ Button Neutral, Outline, Ghost Neutral Hover\n→ Chip Unselected Hover"
        },
        "pressed": {
          "$type": "color",
          "$value": "{neutral.400}",
          "$description": "Background (bg) Neutral Bold – Pressed\n\nContainer background:\n→ Button Neutral, Outline, Ghost Neutral Pressed\n→ Chip Unselected Pressed"
        },
        "disabled": {
          "$type": "color",
          "$value": "{neutral.100}",
          "$description": "Background (bg) Neutral Bold – Disabled\n\nContainer background:\n\n→ Button Neutral Disabled"
        }
      },
      "boldest": {
        "rest": {
          "$type": "color",
          "$value": "{neutral.400}",
          "$description": "Background (bg) Neutral Boldest – Rest\n\nContainer background: \n→ Alert Neutral emphasize\n→ Badge neutral emphasize\n→ Carousel\n→ Switch\n→ Progress bar"
        },
        "hover": {
          "$type": "color",
          "$value": "{neutral.500}",
          "$description": "Background (bg) Neutral Boldest – Hover"
        },
        "pressed": {
          "$type": "color",
          "$value": "{neutral.600}",
          "$description": "Background (bg) Neutral Boldest – Pressed"
        },
        "disabled": {
          "$type": "color",
          "$value": "{neutral.200}",
          "$description": "Background (bg) Neutral Boldest – Disabled"
        }
      }
    },
    "accent": {
      "info": {
        "rest": {
          "$type": "color",
          "$value": "{blue.600}",
          "$description": "Background (bg) Accent Info – Rest\n\nContainer background: \n→ Alert Info emphasize"
        },
        "hover": {
          "$type": "color",
          "$value": "{blue.500}",
          "$description": "Background (bg) Accent Info – Hover"
        },
        "pressed": {
          "$type": "color",
          "$value": "{blue.700}",
          "$description": "Background (bg) Accent Info – Pressed"
        },
        "disabled": {
          "$type": "color",
          "$value": "{blue.50}",
          "$description": "Background (bg) Accent Info – Disabled"
        },
        "subtle": {
          "$type": "color",
          "$value": "{blue.100}",
          "$description": "Background (bg) Accent Info Subtle – Rest\n\nContainer background: \n→ Avatar Initials text\n→ Badge Info un-emphasize\n→ Alert Info un-emphasize"
        },
        "subtle-hover": {
          "$type": "color",
          "$value": "{blue.200}",
          "$description": "Background (bg) Accent Info Subtle – Hover"
        },
        "subtle-pressed": {
          "$type": "color",
          "$value": "{blue.300}",
          "$description": "Background (bg) Accent Info Subtle – Pressed"
        },
        "subtle-disabled": {
          "$type": "color",
          "$value": "{blue.50}",
          "$description": "Background (bg) Accent Info Subtle – Disabled"
        }
      },
      "success": {
        "rest": {
          "$type": "color",
          "$value": "{green.600}",
          "$description": "BG Green 1 – Rest\n\n- Surfaces: Button, Badge background"
        },
        "hover": {
          "$type": "color",
          "$value": "{green.500}",
          "$description": "BG Green 1 – Hover\n\n- Surfaces: Button, Badge background"
        },
        "pressed": {
          "$type": "color",
          "$value": "{green.700}",
          "$description": "BG Green 1 – Pressed\n\n- Surfaces: Button, Badge background"
        },
        "disabled": {
          "$type": "color",
          "$value": "{green.50}",
          "$description": "BG Green 1 – Disabled\n\n- Surfaces: Button, Badge background"
        },
        "subtle": {
          "$type": "color",
          "$value": "{green.100}",
          "$description": "BG Green 2 – Rest\n\n- Surfaces: Button, Badge background"
        },
        "subtle-hover": {
          "$type": "color",
          "$value": "{green.200}",
          "$description": "BG Green 2 – Hover\n\n- Surfaces: Button, Badge background"
        },
        "subtle-pressed": {
          "$type": "color",
          "$value": "{green.300}",
          "$description": "BG Green 2 – Pressed\n\n- Surfaces: Button, Badge background"
        },
        "subtle-disabled": {
          "$type": "color",
          "$value": "{green.50}",
          "$description": "BG Green 2 – Disabled\n\n- Surfaces: Button, Badge background"
        }
      },
      "warning": {
        "rest": {
          "$type": "color",
          "$value": "{orange.600}",
          "$description": "BG Orange 1 – Rest\n\n- Surfaces: Button, Badge background"
        },
        "hover": {
          "$type": "color",
          "$value": "{orange.500}",
          "$description": "BG Orange 1 – Hover\n\n- Surfaces: Button, Badge background"
        },
        "pressed": {
          "$type": "color",
          "$value": "{orange.700}",
          "$description": "BG Orange 1 – Pressed\n\n- Surfaces: Button, Badge background"
        },
        "disabled": {
          "$type": "color",
          "$value": "{orange.50}",
          "$description": "BG Orange 1 – Disabled\n\n- Surfaces: Button, Badge backgrounddge background"
        },
        "subtle": {
          "$type": "color",
          "$value": "{orange.100}",
          "$description": "BG Orange 2 – Rest\n\n- Surfaces: Button, Badge background"
        },
        "subtle-hover": {
          "$type": "color",
          "$value": "{orange.200}",
          "$description": "BG Orange 2 – Hover\n\n- Surfaces: Button, Badge background"
        },
        "subtle-pressed": {
          "$type": "color",
          "$value": "{orange.300}",
          "$description": "BG Orange 2 – Pressed\n\n- Surfaces: Button, Badge background"
        },
        "subtle-disabled": {
          "$type": "color",
          "$value": "{orange.50}",
          "$description": "BG Orange 2 – Disabled\n\n- Surfaces: Button, Badge background"
        }
      },
      "error": {
        "rest": {
          "$type": "color",
          "$value": "{red.600}",
          "$description": "BG Red 1 – Rest\n\n- Surfaces: Button, Badge background"
        },
        "hover": {
          "$type": "color",
          "$value": "{red.500}",
          "$description": "BG Red 1 – Hover\n\n- Surfaces: Button, Badge background"
        },
        "pressed": {
          "$type": "color",
          "$value": "{red.700}",
          "$description": "BG Red 1 – Pressed\n\n- Surfaces: Button, Badge background"
        },
        "disabled": {
          "$type": "color",
          "$value": "{red.50}",
          "$description": "BG Red 1 – Disabled\n\n- Surfaces: Button, Badge background"
        },
        "subtle": {
          "$type": "color",
          "$value": "{red.100}",
          "$description": "BG Red 2 – Rest\n\n- Surfaces: Button, Badge background"
        },
        "subtle-hover": {
          "$type": "color",
          "$value": "{red.200}",
          "$description": "BG Red 2 – Hover\n\n- Surfaces: Button, Badge background"
        },
        "subtle-pressed": {
          "$type": "color",
          "$value": "{red.300}",
          "$description": "BG Red 2 – Pressed\n\n- Surfaces: Button, Badge background"
        },
        "subtle-disabled": {
          "$type": "color",
          "$value": "{red.50}",
          "$description": "BG Red 2 – Disabled\n\n- Surfaces: Button, Badge background"
        }
      },
      "yellow": {
        "rest": {
          "$type": "color",
          "$value": "{yellow.600}",
          "$description": "BG Yellow 1 – Rest\n\nKeywords: Warning\n\n- Surfaces: Button, Badge background"
        },
        "hover": {
          "$type": "color",
          "$value": "{yellow.500}",
          "$description": "BG Yellow 1 – Hover\n\nKeywords: Warning\n\n- Surfaces: Button, Badge background"
        },
        "pressed": {
          "$type": "color",
          "$value": "{yellow.700}",
          "$description": "BG Yellow 1 – Pressed\n\nKeywords: Warning\n\n- Surfaces: Button, Badge background"
        },
        "disabled": {
          "$type": "color",
          "$value": "{yellow.50}",
          "$description": "BG Yellow 1 – Disabled\n\nKeywords: Warning\n\n- Surfaces: Button, Badge background"
        },
        "subtle": {
          "$type": "color",
          "$value": "{yellow.100}",
          "$description": "BG Yellow 2 – Rest\n\nKeywords: Warning\n\n- Surfaces: Button, Badge background"
        },
        "subtle-hover": {
          "$type": "color",
          "$value": "{yellow.200}",
          "$description": "BG Yellow 2 – Hover\n\nKeywords: Warning\n\n- Surfaces: Button, Badge background"
        },
        "subtle-pressed": {
          "$type": "color",
          "$value": "{yellow.300}",
          "$description": "BG Yellow 2 – Pressed\n\nKeywords: Warning\n\n- Surfaces: Button, Badge background"
        },
        "subtle-disabled": {
          "$type": "color",
          "$value": "{yellow.50}",
          "$description": "BG Yellow 2 – Disabled\n\nKeywords: Warning\n\n- Surfaces: Button, Badge background"
        }
      },
      "violet": {
        "rest": {
          "$type": "color",
          "$value": "{violet.600}",
          "$description": "BG Violet 1 – Rest\n\nKeywords: Mystery, Discovery\n\n- Surfaces: Button, Badge background"
        },
        "hover": {
          "$type": "color",
          "$value": "{violet.500}",
          "$description": "BG Violet 1 – Hover\n\nKeywords: Mystery, Discovery\n\n- Surfaces: Button, Badge background"
        },
        "pressed": {
          "$type": "color",
          "$value": "{violet.700}",
          "$description": "BG Violet 1 – Pressed\n\nKeywords: Mystery, Discovery\n\n- Surfaces: Button, Badge background"
        },
        "disabled": {
          "$type": "color",
          "$value": "{violet.50}",
          "$description": "BG Violet 1 – Disabled\n\nKeywords: Mystery, Discovery\n\n- Surfaces: Button, Badge background"
        },
        "subtle": {
          "$type": "color",
          "$value": "{violet.100}",
          "$description": "BG Violet 2 – Rest\n\nKeywords: Mystery, Discovery\n\n- Surfaces: Button, Badge background"
        },
        "subtle-hover": {
          "$type": "color",
          "$value": "{violet.200}",
          "$description": "BG Violet 2 – Hover\n\nKeywords: Mystery, Discovery\n\n- Surfaces: Button, Badge background"
        },
        "subtle-pressed": {
          "$type": "color",
          "$value": "{violet.300}",
          "$description": "BG Violet 2 – Pressed\n\nKeywords: Mystery, Discovery\n\n- Surfaces: Button, Badge background"
        },
        "subtle-disabled": {
          "$type": "color",
          "$value": "{violet.50}",
          "$description": "BG Violet 2 – Disabled\n\nKeywords: Mystery, Discovery\n\n- Surfaces: Button, Badge background"
        }
      }
    },
    "brand": {
      "rest": {
        "$type": "color",
        "$value": "{bg.brand.rest.on-light}",
        "$description": "BG Brand 1 – Rest\n\n- Primary surfaces: Button, Badge background"
      },
      "hover": {
        "$type": "color",
        "$value": "{bg.brand.hover.on-light}",
        "$description": "BG Brand 1 – Hover\n\n- Primary surfaces: Button, Badge background"
      },
      "pressed": {
        "$type": "color",
        "$value": "{bg.brand.pressed.on-light}",
        "$description": "BG Brand 1 – Pressed\n\n- Primary surfaces: Button background"
      },
      "disabled": {
        "$type": "color",
        "$value": "{bg.brand.disabled.on-light}",
        "$description": "BG Brand 1 – Disabled\n\n- Primary surfaces: Button background"
      },
      "subtle": {
        "rest": {
          "$type": "color",
          "$value": "{bg.brand.subtle.rest.on-light}",
          "$description": "BG Brand 2 – Rest\n\n- Secondary surfaces: Button background"
        },
        "hover": {
          "$type": "color",
          "$value": "{bg.brand.subtle.hover.on-light}",
          "$description": "BG Brand 2 – Hover\n\n- Secondary surfaces: Button background"
        },
        "pressed": {
          "$type": "color",
          "$value": "{bg.brand.subtle.pressed.on-light}",
          "$description": "BG Brand 2 – Pressed\n\n- Secondary surfaces: Button background"
        },
        "disabled": {
          "$type": "color",
          "$value": "{bg.brand.subtle.disabled.on-light}",
          "$description": "BG Brand 2 – Disabled\n\n- Secondary surfaces: Button background"
        }
      }
    },
    "selected": {
      "rest": {
        "$type": "color",
        "$value": "{bg.selected.rest.on-light}",
        "$description": "BG Brand 1 – Rest\n\n- Primary surfaces: Button, Badge background"
      },
      "hover": {
        "$type": "color",
        "$value": "{bg.selected.hover.on-light}",
        "$description": "BG Brand 1 – Hover\n\n- Primary surfaces: Button, Badge background"
      },
      "pressed": {
        "$type": "color",
        "$value": "{bg.selected.pressed.on-light}",
        "$description": "BG Brand 1 – Pressed\n\n- Primary surfaces: Button background"
      },
      "disabled": {
        "$type": "color",
        "$value": "{bg.selected.disabled.on-light}",
        "$description": "BG Brand 1 – Disabled\n\n- Primary surfaces: Button background"
      },
      "bold": {
        "rest": {
          "$type": "color",
          "$value": "{bg.selected.bold.rest.on-light}",
          "$description": "BG Brand 2 – Rest\n\n- Secondary surfaces: Button background"
        },
        "hover": {
          "$type": "color",
          "$value": "{bg.selected.bold.hover.on-light}",
          "$description": "BG Brand 2 – Hover\n\n- Secondary surfaces: Button background"
        },
        "pressed": {
          "$type": "color",
          "$value": "{bg.selected.bold.pressed.on-light}",
          "$description": "BG Brand 2 – Pressed\n\n- Secondary surfaces: Button background"
        },
        "disabled": {
          "$type": "color",
          "$value": "{bg.selected.bold.disabled.on-light}",
          "$description": "BG Brand 2 – Disabled\n\n- Secondary surfaces: Button background"
        },
        "disabled-strong": {
          "$type": "color",
          "$value": "{bg.selected.bold.disabled.strong.on-light}",
          "$description": "BG Brand 1 – Disabled\n\n- Primary surfaces: Button background"
        }
      }
    },
    "table": {
      "header": {
        "$type": "color",
        "$value": "{neutral.100}",
        "$description": "Component: Segment control",
        "overlay": {
          "$type": "color",
          "$value": "{transparent}",
          "$description": "Component: Segment control"
        },
        "overlay-hover": {
          "$type": "color",
          "$value": "{black-alpha.0,25}",
          "$description": "Component: Segment control"
        },
        "overlay-pressed": {
          "$type": "color",
          "$value": "{black-alpha.2,25}",
          "$description": "Component: Segment control"
        }
      },
      "body": {
        "$type": "color",
        "$value": "{white}",
        "$description": "Component: Segment control",
        "overlay": {
          "$type": "color",
          "$value": "{transparent}",
          "$description": "Component: Segment control"
        },
        "overlay-hover": {
          "$type": "color",
          "$value": "{black-alpha.0,25}",
          "$description": "Component: Segment control"
        },
        "overlay-pressed": {
          "$type": "color",
          "$value": "{black-alpha.2,25}",
          "$description": "Component: Segment control"
        }
      }
    },
    "segment-control": {
      "container": {
        "$type": "color",
        "$value": "{neutral.200}",
        "$description": "Background container for Segment Control component"
      },
      "item": {
        "$type": "color",
        "$value": "{transparent}",
        "$description": "Background container for Item Segment Control component — Rest"
      },
      "item-hover": {
        "$type": "color",
        "$value": "{neutral.100}",
        "$description": "Background container for Item Segment Control component — Hover"
      },
      "item-disabled": {
        "$type": "color",
        "$value": "{transparent}",
        "$description": "Background container for Item Segment Control component — Disabled"
      },
      "item-selected": {
        "$type": "color",
        "$value": "{white}",
        "$description": "Background container for Item Segment Control component — Selected -Rest"
      },
      "item-selected-disabled": {
        "$type": "color",
        "$value": "{neutral.100}",
        "$description": "Background container for Item Segment Control component — Selected -Disabled"
      }
    },
    "tooltip": {
      "$type": "color",
      "$value": "{neutral.700}",
      "$description": "Background container for Tooltip component"
    },
    "dialog": {
      "$type": "color",
      "$value": "{white}",
      "$description": "Background container for Dialog/Modal components: Dialog/Modal Header, Dialog/Modal Body, Dialog/Modal Footer"
    },
    "card": {
      "$type": "color",
      "$value": "{white}",
      "$description": "Background container for Card components: Card Header, Card Body, Card Footer, and Accordion"
    }
  },
  "fg": {
    "neutral": {
      "main": {
        "$type": "color",
        "$value": "{neutral.900}",
        "$description": "Use for primary text/icon, such as body copy, sentence case headers, and buttons.\n\nForeground (fg):\n→ Button Neutral, Ghost Neutral, and Outline\n→ Card/Dialog/Accordion title\n→ Checkbox, Radio, Switch label\n→ Chip (Unselected)\n→ List Label\n→ Popover title, body text\n→ Tooltip body text\n→ Table body cell\n→ Date picker item text (Today) - Rest/Hover\n→ Input fields value text - Filled/Filled Error/Read-only\n→ Segment control text/icon - Hover\n→ Toast title, body\n→ Dropdown text/icon Unselected - Rest/Hover/Pressed\n→ Pagination text/icon Unselected - Rest/Hover/Pressed\n→ Sidebar text/icon Unselected - Rest/Hover/Pressed"
      },
      "main-static": {
        "$type": "color",
        "$value": "{neutral.900}",
        "$description": "Use for primary text/icon, such as body copy, sentence case headers, and buttons but static in both Light/Dark modes.\\\n\nForeground (fg)"
      },
      "subtle": {
        "$type": "color",
        "$value": "{neutral.600}",
        "$description": "Use for secondary text/icon, such as navigation, subtle button links, input field labels, all caps subheadings, and Inactive state.\n\nForeground (fg):\n→ Alert Neutral title, body, and icon/close-icon\n→ Avatar Initials Overflow, and Generic icon\n→ Badge Neutral, and Outline un-emphasize\n→ Breadcrumb text/icon (current) → List Description\n→ Tab text/icon Unselected - Rest/Hover/Pressed\n→ Table header text/icon\n→ Date picker Week date label text (Today) - Rest/Hover\n→ Input label\n→ Input help text (Validation inline message)\n→ Input character counter\n→ Segment control text/icon - Activated\n→ Toast icon/close-icon"
      },
      "subtlest": {
        "$type": "color",
        "$value": "{neutral.500}",
        "$description": "Use for tertiary text/icon, such as meta-data, breadcrumbs, input field placeholder and helper text.\n\nForeground (fg):\n→ Input fields value text - Placeholder"
      },
      "disabled": {
        "$type": "color",
        "$value": "{neutral.300}",
        "$description": "Use for text/icon in a disabled, or unavailable state\n\nForeground (fg):\n→ Button Neutral, Ghost Neutral, and Outline - Disabled\n→ Checkbox, Radio, Switch label - Disabled\n→ Chip (Unselected) - Disabled\n→ Date - Disabled\n→ Date picker item text (Past & Future) - Rest/Hover\n→ Input fields value text - Disabled\n→ Segment control text/icon - Disabled\n→ Dropdown text/icon - Disabled\n→ Pagination text/icon Unselected - Disabled\n→ Sidebar text/icon Unselected - Disabled\n→ Tab text/icon Unselected - Disabled"
      },
      "decoration": {
        "$type": "color",
        "$value": "{neutral.200}",
        "$description": "Use for decorating the UI elements as the background such as: Icon\n\nForeground (fg)"
      },
      "inverse": {
        "$type": "color",
        "$value": "{white}",
        "$description": "Use for text/icon on bold backgrounds.\n\nForeground (fg):\n→ Alert emphasize for all types of title, body, and icon/close-icon\n→ Badge emphasize for all types\n→ Button Primary, Warning, and Danger"
      },
      "inverse-static": {
        "$type": "color",
        "$value": "{white}",
        "$description": "Use for text/icon on bold backgrounds but static in both Light/Dark modes.\n\nForeground (fg)"
      }
    },
    "accent": {
      "info": {
        "$type": "color",
        "$value": "{blue.600}",
        "$description": "Meaning: Success, Done, Completed, Suggestion"
      },
      "info-strong": {
        "$type": "color",
        "$value": "{blue.800}",
        "$description": "Meaning: Success, Done, Completed, Suggestion"
      },
      "info-disabled": {
        "$type": "color",
        "$value": "{blue.300}",
        "$description": "Meaning: Success, Done, Completed, Suggestion"
      },
      "success": {
        "$type": "color",
        "$value": "{green.600}",
        "$description": "Meaning: Success, Done, Completed, Suggestion"
      },
      "success-strong": {
        "$type": "color",
        "$value": "{green.800}",
        "$description": "Meaning: Success, Done, Completed, Suggestion"
      },
      "success-disabled": {
        "$type": "color",
        "$value": "{green.300}",
        "$description": "Meaning: Success, Done, Completed, Suggestion"
      },
      "warning": {
        "$type": "color",
        "$value": "{orange.600}",
        "$description": "Meaning: Warning, Pending"
      },
      "warning-strong": {
        "$type": "color",
        "$value": "{orange.800}",
        "$description": "Meaning: Warning, Pending"
      },
      "warning-disabled": {
        "$type": "color",
        "$value": "{orange.300}",
        "$description": "Meaning: Warning, Pending"
      },
      "error": {
        "$type": "color",
        "$value": "{red.600}",
        "$description": "Meaning: Failed, Error, Notification"
      },
      "error-strong": {
        "$type": "color",
        "$value": "{red.800}",
        "$description": "Meaning: Failed, Error, Notification"
      },
      "error-disabled": {
        "$type": "color",
        "$value": "{red.300}",
        "$description": "Meaning: Failed, Error, Notification"
      },
      "yellow": {
        "$type": "color",
        "$value": "{yellow.600}",
        "$description": "Meaning: Failed, Error, Notification"
      },
      "yellow-strong": {
        "$type": "color",
        "$value": "{yellow.800}",
        "$description": "Meaning: Failed, Error, Notification"
      },
      "yellow-disabled": {
        "$type": "color",
        "$value": "{yellow.400}",
        "$description": "Meaning: Failed, Error, Notification"
      },
      "violet": {
        "$type": "color",
        "$value": "{violet.600}",
        "$description": "Meaning: Failed, Error, Notification"
      },
      "violet-strong": {
        "$type": "color",
        "$value": "{violet.800}",
        "$description": "Meaning: Failed, Error, Notification"
      },
      "violet-disabled": {
        "$type": "color",
        "$value": "{violet.300}",
        "$description": "Meaning: Failed, Error, Notification"
      }
    },
    "link": {
      "rest": {
        "$type": "color",
        "$value": "{blue.600}"
      },
      "hover": {
        "$type": "color",
        "$value": "{blue.500}"
      },
      "pressed": {
        "$type": "color",
        "$value": "{blue.700}"
      },
      "disabled": {
        "$type": "color",
        "$value": "{neutral.300}"
      }
    },
    "brand": {
      "rest": {
        "$type": "color",
        "$value": "{fg.brand.rest.on-light}"
      },
      "rest-strong": {
        "$type": "color",
        "$value": "{fg.brand.rest.strong.on-light}"
      },
      "hover": {
        "$type": "color",
        "$value": "{fg.brand.hover.on-light}"
      },
      "pressed": {
        "$type": "color",
        "$value": "{fg.brand.pressed.on-light}"
      },
      "pressed-strong": {
        "$type": "color",
        "$value": "{fg.brand.pressed.strong.on-light}"
      },
      "disabled": {
        "$type": "color",
        "$value": "{fg.brand.disabled.on-light}"
      },
      "disabled-strong": {
        "$type": "color",
        "$value": "{fg.brand.disabled.strong.on-light}"
      }
    },
    "btn-primary": {
      "$type": "color",
      "$value": "{fg.btn.primary.on-light}"
    },
    "btn-primary-disabled": {
      "$type": "color",
      "$value": "{fg.btn.primary.disabled--on-light}"
    },
    "checkbox": {
      "$type": "color",
      "$value": "{fg.checkbox.on-light}"
    },
    "checkbox-disabled": {
      "$type": "color",
      "$value": "{fg.checkbox.disabled--on-light}"
    },
    "selected": {
      "rest": {
        "$type": "color",
        "$value": "{fg.selected.rest.on-light}"
      },
      "hover": {
        "$type": "color",
        "$value": "{fg.selected.hover.on-light}"
      },
      "pressed": {
        "$type": "color",
        "$value": "{fg.selected.pressed.on-light}"
      },
      "disabled": {
        "$type": "color",
        "$value": "{fg.selected.disabled.on-light}"
      },
      "bold": {
        "rest": {
          "$type": "color",
          "$value": "{fg.selected.bold.on-light}"
        }
      }
    }
  },
  "focus-ring": {
    "$type": "color",
    "$value": "{focus-ring.on-light}",
    "$description": "Divide, Line, Border"
  },
  "border": {
    "selected": {
      "$type": "color",
      "$value": "{border.selected.on-light}",
      "$description": "Card Border"
    },
    "selected-disabled": {
      "$type": "color",
      "$value": "{border.selected.disabled.on-light}",
      "$description": "Card Border"
    },
    "segment-control": {
      "$type": "color",
      "$value": "{transparent}",
      "$description": "Component: Segment control"
    },
    "input": {
      "$type": "color",
      "$value": "{neutral.300}",
      "$description": "Card Border"
    },
    "input-active": {
      "$type": "color",
      "$value": "{border.input.active.on-light}",
      "$description": "Card Border"
    },
    "input-disabled": {
      "$type": "color",
      "$value": "{neutral.200}",
      "$description": "Divide, Line, Border"
    },
    "card": {
      "$type": "color",
      "$value": "{neutral.200}"
    },
    "dialog": {
      "$type": "color",
      "$value": "{neutral.200}",
      "$description": "Component: Segment control"
    },
    "table": {
      "$type": "color",
      "$value": "{neutral.200}",
      "$description": "Component: Segment control"
    },
    "neutral-light": {
      "$type": "color",
      "$value": "{neutral.100}",
      "$description": "Divide, Line, Border"
    },
    "neutral": {
      "$type": "color",
      "$value": "{neutral.200}",
      "$description": "Divide, Line, Border"
    },
    "neutral-strong": {
      "$type": "color",
      "$value": "{neutral.300}",
      "$description": "Card Border"
    },
    "neutral-strongest": {
      "$type": "color",
      "$value": "{neutral.400}",
      "$description": "Border uses in the Neutral BG"
    },
    "neutral-dark": {
      "$type": "color",
      "$value": "{neutral.900}",
      "$description": "Text: Title, Heading, Body, Emphasize. Icon: Action"
    },
    "inverse-static": {
      "$type": "color",
      "$value": "{white}"
    },
    "inverse": {
      "$type": "color",
      "$value": "{white}"
    },
    "active": {
      "$type": "color",
      "$value": "{border.active.on-light}",
      "$description": "Divide, Line, Border"
    },
    "active-strong": {
      "$type": "color",
      "$value": "{border.active.strong.on-light}",
      "$description": "Divide, Line, Border"
    },
    "active-light": {
      "$type": "color",
      "$value": "{border.active.light.on-light}",
      "$description": "Divide, Line, Border"
    },
    "info": {
      "$type": "color",
      "$value": "{fg.accent.info}",
      "$description": "Divide, Line, Border"
    },
    "info-strong": {
      "$type": "color",
      "$value": "{fg.accent.info-strong}",
      "$description": "Divide, Line, Border"
    },
    "info-light": {
      "$type": "color",
      "$value": "{fg.accent.info-disabled}",
      "$description": "Divide, Line, Border"
    },
    "error": {
      "$type": "color",
      "$value": "{fg.accent.error}",
      "$description": "Divide, Line, Border"
    },
    "error-strong": {
      "$type": "color",
      "$value": "{fg.accent.error-strong}",
      "$description": "Divide, Line, Border"
    },
    "error-light": {
      "$type": "color",
      "$value": "{fg.accent.error-disabled}",
      "$description": "Divide, Line, Border"
    },
    "warning": {
      "$type": "color",
      "$value": "{fg.accent.warning}",
      "$description": "Divide, Line, Border"
    },
    "warning-strong": {
      "$type": "color",
      "$value": "{fg.accent.warning-strong}",
      "$description": "Divide, Line, Border"
    },
    "warning-light": {
      "$type": "color",
      "$value": "{fg.accent.warning-disabled}",
      "$description": "Divide, Line, Border"
    },
    "success": {
      "$type": "color",
      "$value": "{fg.accent.success}",
      "$description": "Divide, Line, Border"
    },
    "success-strong": {
      "$type": "color",
      "$value": "{fg.accent.success-strong}",
      "$description": "Divide, Line, Border"
    },
    "success-light": {
      "$type": "color",
      "$value": "{fg.accent.success-disabled}",
      "$description": "Divide, Line, Border"
    },
    "yellow": {
      "$type": "color",
      "$value": "{fg.accent.yellow}",
      "$description": "Meaning: Failed, Error, Notification"
    },
    "yellow-strong": {
      "$type": "color",
      "$value": "{fg.accent.yellow-strong}",
      "$description": "Meaning: Failed, Error, Notification"
    },
    "yellow-light": {
      "$type": "color",
      "$value": "{fg.accent.yellow-disabled}",
      "$description": "Meaning: Failed, Error, Notification"
    },
    "violet": {
      "$type": "color",
      "$value": "{fg.accent.violet}",
      "$description": "Meaning: Failed, Error, Notification"
    },
    "violet-strong": {
      "$type": "color",
      "$value": "{fg.accent.violet-strong}",
      "$description": "Meaning: Failed, Error, Notification"
    },
    "violet-light": {
      "$type": "color",
      "$value": "{fg.accent.violet-disabled}",
      "$description": "Meaning: Failed, Error, Notification"
    }
  }
}