{
  "font": {
    "family": {
      "primary": {
        "$type": "string",
        "$value": "Open Sans"
      },
      "secondary": {
        "$type": "string",
        "$value": "Open Sans"
      }
    }
  },
  "bg": {
    "brand": {
      "rest": {
        "on-light": {
          "$type": "color",
          "$value": "{orange.600}",
          "$description": "BG Brand 1 – Rest\n\n- Primary surfaces: Button, Badge background"
        },
        "on-dark": {
          "$type": "color",
          "$value": "{orange.400}",
          "$description": "BG Brand 1 – Rest\n\n- Primary surfaces: Button, Badge background"
        }
      },
      "hover": {
        "on-light": {
          "$type": "color",
          "$value": "{orange.700}",
          "$description": "BG Brand 1 – Hover\n\n- Primary surfaces: Button, Badge background"
        },
        "on-dark": {
          "$type": "color",
          "$value": "{orange.300}",
          "$description": "BG Brand 1 – Hover\n\n- Primary surfaces: Button, Badge background"
        }
      },
      "pressed": {
        "on-light": {
          "$type": "color",
          "$value": "{orange.800}",
          "$description": "BG Brand 1 – Pressed\n\n- Primary surfaces: Button background"
        },
        "on-dark": {
          "$type": "color",
          "$value": "{orange.700}",
          "$description": "BG Brand 1 – Pressed\n\n- Primary surfaces: Button background"
        }
      },
      "disabled": {
        "on-light": {
          "$type": "color",
          "$value": "{orange.200}",
          "$description": "BG Brand 1 – Disabled\n\n- Primary surfaces: Button background"
        },
        "on-dark": {
          "$type": "color",
          "$value": "{orange.900}",
          "$description": "BG Brand 1 – Disabled\n\n- Primary surfaces: Button background"
        }
      },
      "subtle": {
        "rest": {
          "on-light": {
            "$type": "color",
            "$value": "{orange.100}",
            "$description": "BG Brand 2 – Rest\n\n- Secondary surfaces: Button background"
          },
          "on-dark": {
            "$type": "color",
            "$value": "{orange.900}",
            "$description": "BG Brand 2 – Rest\n\n- Secondary surfaces: Button background"
          }
        },
        "hover": {
          "on-light": {
            "$type": "color",
            "$value": "{orange.200}",
            "$description": "BG Brand 2 – Hover\n\n- Secondary surfaces: Button background"
          },
          "on-dark": {
            "$type": "color",
            "$value": "{orange.800}",
            "$description": "BG Brand 2 – Hover\n\n- Secondary surfaces: Button background"
          }
        },
        "pressed": {
          "on-light": {
            "$type": "color",
            "$value": "{orange.300}",
            "$description": "BG Brand 2 – Pressed\n\n- Secondary surfaces: Button background"
          },
          "on-dark": {
            "$type": "color",
            "$value": "{orange.950}",
            "$description": "BG Brand 2 – Pressed\n\n- Secondary surfaces: Button background"
          }
        },
        "disabled": {
          "on-light": {
            "$type": "color",
            "$value": "{orange.100}",
            "$description": "BG Brand 2 – Disabled\n\n- Secondary surfaces: Button background"
          },
          "on-dark": {
            "$type": "color",
            "$value": "{orange.900}",
            "$description": "BG Brand 2 – Disabled\n\n- Secondary surfaces: Button background"
          }
        }
      }
    },
    "selected": {
      "rest": {
        "on-light": {
          "$type": "color",
          "$value": "{orange.100}",
          "$description": "BG Brand 2 – Rest\n\n- Secondary surfaces: Button background"
        },
        "on-dark": {
          "$type": "color",
          "$value": "{orange.900}",
          "$description": "BG Brand 2 – Rest\n\n- Secondary surfaces: Button background"
        }
      },
      "hover": {
        "on-light": {
          "$type": "color",
          "$value": "{orange.200}",
          "$description": "BG Brand 2 – Hover\n\n- Secondary surfaces: Button background"
        },
        "on-dark": {
          "$type": "color",
          "$value": "{orange.800}",
          "$description": "BG Brand 2 – Hover\n\n- Secondary surfaces: Button background"
        }
      },
      "pressed": {
        "on-light": {
          "$type": "color",
          "$value": "{orange.300}",
          "$description": "BG Brand 2 – Pressed\n\n- Secondary surfaces: Button background"
        },
        "on-dark": {
          "$type": "color",
          "$value": "{orange.950}",
          "$description": "BG Brand 2 – Pressed\n\n- Secondary surfaces: Button background"
        }
      },
      "disabled": {
        "on-light": {
          "$type": "color",
          "$value": "{orange.100}",
          "$description": "BG Brand 2 – Disabled\n\n- Secondary surfaces: Button background"
        },
        "on-dark": {
          "$type": "color",
          "$value": "{orange.900}",
          "$description": "BG Brand 2 – Disabled\n\n- Secondary surfaces: Button background"
        }
      },
      "bold": {
        "rest": {
          "on-light": {
            "$type": "color",
            "$value": "{orange.600}",
            "$description": "BG Brand 1 – Rest\n\n- Primary surfaces: Button, Badge background"
          },
          "on-dark": {
            "$type": "color",
            "$value": "{orange.400}",
            "$description": "BG Brand 1 – Rest\n\n- Primary surfaces: Button, Badge background"
          }
        },
        "hover": {
          "on-light": {
            "$type": "color",
            "$value": "{orange.700}",
            "$description": "BG Brand 1 – Hover\n\n- Primary surfaces: Button, Badge background"
          },
          "on-dark": {
            "$type": "color",
            "$value": "{orange.300}",
            "$description": "BG Brand 1 – Hover\n\n- Primary surfaces: Button, Badge background"
          }
        },
        "pressed": {
          "on-light": {
            "$type": "color",
            "$value": "{orange.800}",
            "$description": "BG Brand 1 – Pressed\n\n- Primary surfaces: Button background"
          },
          "on-dark": {
            "$type": "color",
            "$value": "{orange.700}",
            "$description": "BG Brand 1 – Pressed\n\n- Primary surfaces: Button background"
          }
        },
        "disabled": {
          "on-light": {
            "$type": "color",
            "$value": "{orange.50}",
            "$description": "BG Brand 1 – Disabled\n\n- Primary surfaces: Button background"
          },
          "on-dark": {
            "$type": "color",
            "$value": "{orange.950}",
            "$description": "BG Brand 1 – Disabled\n\n- Primary surfaces: Button background"
          },
          "strong": {
            "on-light": {
              "$type": "color",
              "$value": "{orange.100}"
            },
            "on-dark": {
              "$type": "color",
              "$value": "{orange.900}"
            }
          }
        }
      }
    }
  },
  "fg": {
    "btn": {
      "primary": {
        "on-light": {
          "$type": "color",
          "$value": "{white}",
          "$description": "Text, Icon of Primary Button"
        },
        "on-dark": {
          "$type": "color",
          "$value": "{neutral.900}",
          "$description": "Text, Icon of Primary Button"
        },
        "disabled--on-light": {
          "$type": "color",
          "$value": "{orange.300}",
          "$description": "Text, Icon of Primary Button (Disabled)"
        },
        "disabled--on-dark": {
          "$type": "color",
          "$value": "{orange.700}",
          "$description": "Text, Icon of Primary Button (Disabled)y surfaces: Icon, Text Button"
        }
      }
    },
    "checkbox": {
      "on-light": {
        "$type": "color",
        "$value": "{white}",
        "$description": "Checkmark of checkbox"
      },
      "on-dark": {
        "$type": "color",
        "$value": "{neutral.900}",
        "$description": "Checkmark of checkbox"
      },
      "disabled--on-light": {
        "$type": "color",
        "$value": "{white}",
        "$description": "Text, Icon of Primary Button (Disabled)"
      },
      "disabled--on-dark": {
        "$type": "color",
        "$value": "{neutral.900}",
        "$description": "Text, Icon of Primary Button (Disabled)y surfaces: Icon, Text Button"
      }
    },
    "brand": {
      "rest": {
        "on-light": {
          "$type": "color",
          "$value": "{orange.600}"
        },
        "on-dark": {
          "$type": "color",
          "$value": "{orange.400}"
        },
        "strong": {
          "on-light": {
            "$type": "color",
            "$value": "{orange.800}"
          },
          "on-dark": {
            "$type": "color",
            "$value": "{orange.300}"
          }
        }
      },
      "hover": {
        "on-light": {
          "$type": "color",
          "$value": "{orange.500}"
        },
        "on-dark": {
          "$type": "color",
          "$value": "{orange.500}"
        }
      },
      "pressed": {
        "on-light": {
          "$type": "color",
          "$value": "{orange.700}"
        },
        "on-dark": {
          "$type": "color",
          "$value": "{orange.300}"
        },
        "strong": {
          "on-light": {
            "$type": "color",
            "$value": "{orange.800}"
          },
          "on-dark": {
            "$type": "color",
            "$value": "{orange.400}"
          }
        }
      },
      "disabled": {
        "on-light": {
          "$type": "color",
          "$value": "{orange.300}"
        },
        "on-dark": {
          "$type": "color",
          "$value": "{orange.700}"
        },
        "strong": {
          "on-light": {
            "$type": "color",
            "$value": "{orange.100}"
          },
          "on-dark": {
            "$type": "color",
            "$value": "{orange.900}"
          }
        }
      }
    },
    "selected": {
      "rest": {
        "on-light": {
          "$type": "color",
          "$value": "{orange.600}"
        },
        "on-dark": {
          "$type": "color",
          "$value": "{orange.400}"
        }
      },
      "hover": {
        "on-light": {
          "$type": "color",
          "$value": "{orange.500}"
        },
        "on-dark": {
          "$type": "color",
          "$value": "{orange.500}"
        }
      },
      "pressed": {
        "on-light": {
          "$type": "color",
          "$value": "{orange.700}"
        },
        "on-dark": {
          "$type": "color",
          "$value": "{orange.300}"
        },
        "strong": {
          "on-light": {
            "$type": "color",
            "$value": "{orange.800}"
          },
          "on-dark": {
            "$type": "color",
            "$value": "{orange.400}"
          }
        }
      },
      "disabled": {
        "on-light": {
          "$type": "color",
          "$value": "{orange.300}"
        },
        "on-dark": {
          "$type": "color",
          "$value": "{orange.700}"
        },
        "strong": {
          "on-light": {
            "$type": "color",
            "$value": "{orange.100}"
          },
          "on-dark": {
            "$type": "color",
            "$value": "{orange.900}"
          }
        }
      },
      "bold": {
        "on-light": {
          "$type": "color",
          "$value": "{white}"
        },
        "on-dark": {
          "$type": "color",
          "$value": "{neutral.900}"
        }
      }
    }
  },
  "border": {
    "input": {
      "active": {
        "on-light": {
          "$type": "color",
          "$value": "{orange.600}",
          "$description": "Component: Segment control"
        },
        "on-dark": {
          "$type": "color",
          "$value": "{orange.400}",
          "$description": "Component: Segment control"
        }
      }
    },
    "selected": {
      "on-light": {
        "$type": "color",
        "$value": "{orange.600}",
        "$description": "Component: Segment control"
      },
      "on-dark": {
        "$type": "color",
        "$value": "{orange.400}",
        "$description": "Component: Segment control"
      },
      "disabled": {
        "on-light": {
          "$type": "color",
          "$value": "{orange.300}"
        },
        "on-dark": {
          "$type": "color",
          "$value": "{orange.700}"
        }
      }
    },
    "active": {
      "on-light": {
        "$type": "color",
        "$value": "{orange.600}"
      },
      "on-dark": {
        "$type": "color",
        "$value": "{orange.400}"
      },
      "strong": {
        "on-light": {
          "$type": "color",
          "$value": "{orange.800}"
        },
        "on-dark": {
          "$type": "color",
          "$value": "{orange.300}"
        }
      },
      "light": {
        "on-light": {
          "$type": "color",
          "$value": "{orange.300}"
        },
        "on-dark": {
          "$type": "color",
          "$value": "{orange.700}"
        }
      }
    }
  },
  "focus-ring": {
    "on-light": {
      "$type": "color",
      "$value": "{orange.600}",
      "$description": "Component: Segment control"
    },
    "on-dark": {
      "$type": "color",
      "$value": "{orange.400}",
      "$description": "Component: Segment control"
    }
  },
  "_bg-brand-disabled-strong": {
    "on-light": {
      "$type": "color",
      "$value": "{orange.200}"
    },
    "on-dark": {
      "$type": "color",
      "$value": "{orange.900}"
    }
  }
}