{
  "brand": {
    "50": {
      "$type": "color",
      "$value": "#fffdf0"
    },
    "100": {
      "$type": "color",
      "$value": "#fffdeb"
    },
    "200": {
      "$type": "color",
      "$value": "#fff6c2"
    },
    "300": {
      "$type": "color",
      "$value": "#ffec99"
    },
    "400": {
      "$type": "color",
      "$value": "#ffe070"
    },
    "500": {
      "$type": "color",
      "$value": "#ffd147"
    },
    "600": {
      "$type": "color",
      "$value": "#ffc01f"
    },
    "700": {
      "$type": "color",
      "$value": "#d9990f"
    },
    "800": {
      "$type": "color",
      "$value": "#b37504"
    },
    "900": {
      "$type": "color",
      "$value": "#8c5600"
    },
    "950": {
      "$type": "color",
      "$value": "#663c00"
    }
  }
}