{
  "font": {
    "family": {
      "primary": {
        "$type": "string",
        "$value": "Plus Jakarta Sans"
      },
      "secondary": {
        "$type": "string",
        "$value": "Plus Jakarta Sans"
      }
    }
  },
  "bg": {
    "brand": {
      "rest": {
        "on-light": {
          "$type": "color",
          "$value": "{neutral.950}",
          "$description": "BG Brand 1 – Rest\n\n- Primary surfaces: Button, Badge background"
        },
        "on-dark": {
          "$type": "color",
          "$value": "{neutral.50}",
          "$description": "BG Brand 1 – Rest\n\n- Primary surfaces: Button, Badge background"
        }
      },
      "hover": {
        "on-light": {
          "$type": "color",
          "$value": "{neutral.900}",
          "$description": "BG Brand 1 – Hover\n\n- Primary surfaces: Button, Badge background"
        },
        "on-dark": {
          "$type": "color",
          "$value": "{neutral.100}",
          "$description": "BG Brand 1 – Hover\n\n- Primary surfaces: Button, Badge background"
        }
      },
      "pressed": {
        "on-light": {
          "$type": "color",
          "$value": "{neutral.800}",
          "$description": "BG Brand 1 – Pressed\n\n- Primary surfaces: Button background"
        },
        "on-dark": {
          "$type": "color",
          "$value": "{neutral.200}",
          "$description": "BG Brand 1 – Pressed\n\n- Primary surfaces: Button background"
        }
      },
      "disabled": {
        "on-light": {
          "$type": "color",
          "$value": "{neutral.600}",
          "$description": "BG Brand 1 – Disabled\n\n- Primary surfaces: Button background"
        },
        "on-dark": {
          "$type": "color",
          "$value": "{neutral.400}",
          "$description": "BG Brand 1 – Disabled\n\n- Primary surfaces: Button background"
        }
      },
      "subtle": {
        "rest": {
          "on-light": {
            "$type": "color",
            "$value": "{red.100}",
            "$description": "BG Brand 2 – Rest\n\n- Secondary surfaces: Button background"
          },
          "on-dark": {
            "$type": "color",
            "$value": "{red.900}",
            "$description": "BG Brand 2 – Rest\n\n- Secondary surfaces: Button background"
          }
        },
        "hover": {
          "on-light": {
            "$type": "color",
            "$value": "{red.200}",
            "$description": "BG Brand 2 – Hover\n\n- Secondary surfaces: Button background"
          },
          "on-dark": {
            "$type": "color",
            "$value": "{red.800}",
            "$description": "BG Brand 2 – Hover\n\n- Secondary surfaces: Button background"
          }
        },
        "pressed": {
          "on-light": {
            "$type": "color",
            "$value": "{red.300}",
            "$description": "BG Brand 2 – Pressed\n\n- Secondary surfaces: Button background"
          },
          "on-dark": {
            "$type": "color",
            "$value": "{red.950}",
            "$description": "BG Brand 2 – Pressed\n\n- Secondary surfaces: Button background"
          }
        },
        "disabled": {
          "on-light": {
            "$type": "color",
            "$value": "{red.100}",
            "$description": "BG Brand 2 – Disabled\n\n- Secondary surfaces: Button background"
          },
          "on-dark": {
            "$type": "color",
            "$value": "{red.900}",
            "$description": "BG Brand 2 – Disabled\n\n- Secondary surfaces: Button background"
          }
        }
      }
    },
    "selected": {
      "rest": {
        "on-light": {
          "$type": "color",
          "$value": "{red.100}",
          "$description": "BG Brand 2 – Rest\n\n- Secondary surfaces: Button background"
        },
        "on-dark": {
          "$type": "color",
          "$value": "{red.900}",
          "$description": "BG Brand 2 – Rest\n\n- Secondary surfaces: Button background"
        }
      },
      "hover": {
        "on-light": {
          "$type": "color",
          "$value": "{red.200}",
          "$description": "BG Brand 2 – Hover\n\n- Secondary surfaces: Button background"
        },
        "on-dark": {
          "$type": "color",
          "$value": "{red.800}",
          "$description": "BG Brand 2 – Hover\n\n- Secondary surfaces: Button background"
        }
      },
      "pressed": {
        "on-light": {
          "$type": "color",
          "$value": "{red.300}",
          "$description": "BG Brand 2 – Pressed\n\n- Secondary surfaces: Button background"
        },
        "on-dark": {
          "$type": "color",
          "$value": "{red.950}",
          "$description": "BG Brand 2 – Pressed\n\n- Secondary surfaces: Button background"
        }
      },
      "disabled": {
        "on-light": {
          "$type": "color",
          "$value": "{red.100}",
          "$description": "BG Brand 2 – Disabled\n\n- Secondary surfaces: Button background"
        },
        "on-dark": {
          "$type": "color",
          "$value": "{red.900}",
          "$description": "BG Brand 2 – Disabled\n\n- Secondary surfaces: Button background"
        }
      },
      "bold": {
        "rest": {
          "on-light": {
            "$type": "color",
            "$value": "{red.600}",
            "$description": "BG Brand 1 – Rest\n\n- Primary surfaces: Button, Badge background"
          },
          "on-dark": {
            "$type": "color",
            "$value": "{red.400}",
            "$description": "BG Brand 1 – Rest\n\n- Primary surfaces: Button, Badge background"
          }
        },
        "hover": {
          "on-light": {
            "$type": "color",
            "$value": "{neutral.900}",
            "$description": "BG Brand 1 – Hover\n\n- Primary surfaces: Button, Badge background"
          },
          "on-dark": {
            "$type": "color",
            "$value": "{neutral.100}",
            "$description": "BG Brand 1 – Hover\n\n- Primary surfaces: Button, Badge background"
          }
        },
        "pressed": {
          "on-light": {
            "$type": "color",
            "$value": "{neutral.800}",
            "$description": "BG Brand 1 – Pressed\n\n- Primary surfaces: Button background"
          },
          "on-dark": {
            "$type": "color",
            "$value": "{neutral.200}",
            "$description": "BG Brand 1 – Pressed\n\n- Primary surfaces: Button background"
          }
        },
        "disabled": {
          "on-light": {
            "$type": "color",
            "$value": "{neutral.600}",
            "$description": "BG Brand 1 – Disabled\n\n- Primary surfaces: Button background"
          },
          "on-dark": {
            "$type": "color",
            "$value": "{neutral.400}",
            "$description": "BG Brand 1 – Disabled\n\n- Primary surfaces: Button background"
          },
          "strong": {
            "on-light": {
              "$type": "color",
              "$value": "{red.100}"
            },
            "on-dark": {
              "$type": "color",
              "$value": "{red.900}"
            }
          }
        }
      }
    }
  },
  "fg": {
    "btn": {
      "primary": {
        "on-light": {
          "$type": "color",
          "$value": "{white}",
          "$description": "Text, Icon of Primary Button"
        },
        "on-dark": {
          "$type": "color",
          "$value": "{neutral.900}",
          "$description": "Text, Icon of Primary Button"
        },
        "disabled--on-light": {
          "$type": "color",
          "$value": "{neutral.300}",
          "$description": "Text, Icon of Primary Button (Disabled)"
        },
        "disabled--on-dark": {
          "$type": "color",
          "$value": "{neutral.700}",
          "$description": "Text, Icon of Primary Button (Disabled)y surfaces: Icon, Text Button"
        }
      }
    },
    "checkbox": {
      "on-light": {
        "$type": "color",
        "$value": "{white}",
        "$description": "Checkmark of checkbox"
      },
      "on-dark": {
        "$type": "color",
        "$value": "{neutral.900}",
        "$description": "Checkmark of checkbox"
      },
      "disabled--on-light": {
        "$type": "color",
        "$value": "{white}",
        "$description": "Text, Icon of Primary Button (Disabled)"
      },
      "disabled--on-dark": {
        "$type": "color",
        "$value": "{neutral.900}",
        "$description": "Text, Icon of Primary Button (Disabled)y surfaces: Icon, Text Button"
      }
    },
    "brand": {
      "rest": {
        "on-light": {
          "$type": "color",
          "$value": "{red.600}"
        },
        "on-dark": {
          "$type": "color",
          "$value": "{red.400}"
        },
        "strong": {
          "on-light": {
            "$type": "color",
            "$value": "{red.800}"
          },
          "on-dark": {
            "$type": "color",
            "$value": "{red.300}"
          }
        }
      },
      "hover": {
        "on-light": {
          "$type": "color",
          "$value": "{red.500}"
        },
        "on-dark": {
          "$type": "color",
          "$value": "{red.500}"
        }
      },
      "pressed": {
        "on-light": {
          "$type": "color",
          "$value": "{red.700}"
        },
        "on-dark": {
          "$type": "color",
          "$value": "{red.300}"
        },
        "strong": {
          "on-light": {
            "$type": "color",
            "$value": "{red.800}"
          },
          "on-dark": {
            "$type": "color",
            "$value": "{red.400}"
          }
        }
      },
      "disabled": {
        "on-light": {
          "$type": "color",
          "$value": "{red.300}"
        },
        "on-dark": {
          "$type": "color",
          "$value": "{red.700}"
        },
        "strong": {
          "on-light": {
            "$type": "color",
            "$value": "{red.100}"
          },
          "on-dark": {
            "$type": "color",
            "$value": "{red.900}"
          }
        }
      }
    },
    "selected": {
      "rest": {
        "on-light": {
          "$type": "color",
          "$value": "{red.600}"
        },
        "on-dark": {
          "$type": "color",
          "$value": "{red.400}"
        }
      },
      "hover": {
        "on-light": {
          "$type": "color",
          "$value": "{red.500}"
        },
        "on-dark": {
          "$type": "color",
          "$value": "{red.500}"
        }
      },
      "pressed": {
        "on-light": {
          "$type": "color",
          "$value": "{red.700}"
        },
        "on-dark": {
          "$type": "color",
          "$value": "{red.300}"
        },
        "strong": {
          "on-light": {
            "$type": "color",
            "$value": "{red.800}"
          },
          "on-dark": {
            "$type": "color",
            "$value": "{red.400}"
          }
        }
      },
      "disabled": {
        "on-light": {
          "$type": "color",
          "$value": "{red.300}"
        },
        "on-dark": {
          "$type": "color",
          "$value": "{red.700}"
        },
        "strong": {
          "on-light": {
            "$type": "color",
            "$value": "{red.100}"
          },
          "on-dark": {
            "$type": "color",
            "$value": "{red.900}"
          }
        }
      },
      "bold": {
        "on-light": {
          "$type": "color",
          "$value": "{white}"
        },
        "on-dark": {
          "$type": "color",
          "$value": "{neutral.900}"
        }
      }
    }
  },
  "border": {
    "input": {
      "active": {
        "on-light": {
          "$type": "color",
          "$value": "{fg.neutral.main}",
          "$description": "Component: Segment control"
        },
        "on-dark": {
          "$type": "color",
          "$value": "{white}",
          "$description": "Component: Segment control"
        }
      }
    },
    "selected": {
      "on-light": {
        "$type": "color",
        "$value": "{fg.neutral.main}",
        "$description": "Component: Segment control"
      },
      "on-dark": {
        "$type": "color",
        "$value": "{white}",
        "$description": "Component: Segment control"
      },
      "disabled": {
        "on-light": {
          "$type": "color",
          "$value": "{red.300}"
        },
        "on-dark": {
          "$type": "color",
          "$value": "{red.700}"
        }
      }
    },
    "active": {
      "on-light": {
        "$type": "color",
        "$value": "{red.600}"
      },
      "on-dark": {
        "$type": "color",
        "$value": "{red.400}"
      },
      "strong": {
        "on-light": {
          "$type": "color",
          "$value": "{red.800}"
        },
        "on-dark": {
          "$type": "color",
          "$value": "{red.300}"
        }
      },
      "light": {
        "on-light": {
          "$type": "color",
          "$value": "{red.300}"
        },
        "on-dark": {
          "$type": "color",
          "$value": "{red.700}"
        }
      }
    }
  },
  "focus-ring": {
    "on-light": {
      "$type": "color",
      "$value": "{neutral.900}",
      "$description": "Component: Segment control"
    },
    "on-dark": {
      "$type": "color",
      "$value": "{white}",
      "$description": "Component: Segment control"
    }
  },
  "_bg-brand-disabled-strong": {
    "on-light": {
      "$type": "color",
      "$value": "{red.200}"
    },
    "on-dark": {
      "$type": "color",
      "$value": "{red.900}"
    }
  }
}