{
  "shadow": {
    "50": {
      "$type": "shadow",
      "$value": [
        {
          "offsetX": "{50.x}",
          "offsetY": "{50.y}",
          "blur": "{50.blur}",
          "spread": "{50.spread}",
          "color": "{50.color}"
        }
      ]
    },
    "100": {
      "$type": "shadow",
      "$value": [
        {
          "offsetX": "{100.x}",
          "offsetY": "{100.y}",
          "blur": "{100.blur}",
          "spread": "{100.spread}",
          "color": "{100.color}"
        }
      ]
    },
    "200": {
      "$type": "shadow",
      "$value": [
        {
          "offsetX": "{200.x}",
          "offsetY": "{200.y}",
          "blur": "{200.blur}",
          "spread": "{200.spread}",
          "color": "{200.color}"
        }
      ]
    },
    "300": {
      "$type": "shadow",
      "$value": [
        {
          "offsetX": "{300.x}",
          "offsetY": "{300.y}",
          "blur": "{300.blur}",
          "spread": "{300.spread}",
          "color": "{300.color}"
        }
      ]
    },
    "400": {
      "$type": "shadow",
      "$value": [
        {
          "offsetX": "{400.x}",
          "offsetY": "{400.y}",
          "blur": "{400.blur}",
          "spread": "{400.spread}",
          "color": "{400.color}"
        }
      ]
    },
    "500": {
      "$type": "shadow",
      "$value": [
        {
          "offsetX": "{500.x}",
          "offsetY": "{500.y}",
          "blur": "{500.blur}",
          "spread": "{500.spread}",
          "color": "{500.color}"
        }
      ]
    },
    "600": {
      "$type": "shadow",
      "$value": [
        {
          "offsetX": "{600.x}",
          "offsetY": "{600.y}",
          "blur": "{600.blur}",
          "spread": "{600.spread}",
          "color": "{600.color}"
        }
      ]
    },
    "600 ↑": {
      "$type": "shadow",
      "$value": [
        {
          "offsetX": "{600.x}",
          "offsetY": "-6px",
          "blur": "{600.blur}",
          "spread": "{600.spread}",
          "color": "{600.color}"
        }
      ]
    },
    "100 ↑": {
      "$type": "shadow",
      "$value": [
        {
          "offsetX": "{100.x}",
          "offsetY": "-3px",
          "blur": "{100.blur}",
          "spread": "{100.spread}",
          "color": "{100.color}"
        }
      ]
    },
    "200 ↑": {
      "$type": "shadow",
      "$value": [
        {
          "offsetX": "{200.x}",
          "offsetY": "-3px",
          "blur": "{200.blur}",
          "spread": "{200.spread}",
          "color": "{200.color}"
        }
      ]
    },
    "200 <-": {
      "$type": "shadow",
      "$value": [
        {
          "offsetX": "-3px",
          "offsetY": "-3px",
          "blur": "{200.blur}",
          "spread": "{200.spread}",
          "color": "{200.color}"
        }
      ]
    },
    "200 ->": {
      "$type": "shadow",
      "$value": [
        {
          "offsetX": "3px",
          "offsetY": "-3px",
          "blur": "{200.blur}",
          "spread": "{200.spread}",
          "color": "{200.color}"
        }
      ]
    },
    "200 ↑↓": {
      "$type": "shadow",
      "$value": [
        {
          "offsetX": "{200.x}",
          "offsetY": "{200.y}",
          "blur": "{200.blur}",
          "spread": "{200.spread}",
          "color": "{200.color}"
        },
        {
          "offsetX": "{200.x}",
          "offsetY": "-3px",
          "blur": "{200.blur}",
          "spread": "{200.spread}",
          "color": "{200.color}"
        }
      ]
    },
    "300 ↑↓": {
      "$type": "shadow",
      "$value": [
        {
          "offsetX": "{300.x}",
          "offsetY": "{300.y}",
          "blur": "{300.blur}",
          "spread": "{300.spread}",
          "color": "{300.color}"
        },
        {
          "offsetX": "{300.x}",
          "offsetY": "-5px",
          "blur": "{300.blur}",
          "spread": "{300.spread}",
          "color": "{300.color}"
        }
      ]
    }
  },
  "blur": {
    "Glass": {
      "$type": "shadow",
      "$value": [
        {
          "backgroundBlur": true,
          "blur": "42px"
        }
      ]
    },
    "Text": {
      "$type": "shadow",
      "$value": [
        {
          "backgroundBlur": true,
          "blur": "9.42px"
        },
        {
          "offsetX": "0px",
          "offsetY": "1.88px",
          "blur": "1.88px",
          "spread": "0px",
          "color": "#fffbfb40",
          "inset": true
        },
        {
          "offsetX": "0px",
          "offsetY": "1.88px",
          "blur": "1.88px",
          "spread": "0px",
          "color": "#00000040"
        }
      ]
    },
    "Background 40": {
      "$type": "shadow",
      "$value": [
        {
          "layerBlur": true,
          "blur": "40px"
        }
      ]
    }
  },
  "glass-morphism": {
    "1": {
      "$type": "shadow",
      "$value": [
        {
          "offsetX": "0px",
          "offsetY": "6px",
          "blur": "16px",
          "spread": "0px",
          "color": "#ffffff1f",
          "inset": true
        },
        {
          "backgroundBlur": true,
          "blur": "68px"
        }
      ]
    },
    "2": {
      "$type": "shadow",
      "$value": [
        {
          "offsetX": "0px",
          "offsetY": "4px",
          "blur": "6px",
          "spread": "0px",
          "color": "#ffffff29",
          "inset": true
        }
      ]
    },
    "3": {
      "$type": "shadow",
      "$value": [
        {
          "offsetX": "0px",
          "offsetY": "4px",
          "blur": "8px",
          "spread": "0px",
          "color": "#ffffff3d",
          "inset": true
        }
      ]
    },
    "4": {
      "$type": "shadow",
      "$value": [
        {
          "offsetX": "0px",
          "offsetY": "4px",
          "blur": "8px",
          "spread": "0px",
          "color": "#ffffff52",
          "inset": true
        }
      ]
    }
  }
}