{
  "mcr": {
    "brand-50": {
      "$type": "color",
      "$value": "#fffdf0"
    },
    "brand-100": {
      "$type": "color",
      "$value": "#fffdeb"
    },
    "brand-200": {
      "$type": "color",
      "$value": "#fff6c2"
    },
    "brand-300": {
      "$type": "color",
      "$value": "#ffec99"
    },
    "brand-400": {
      "$type": "color",
      "$value": "#ffe070"
    },
    "brand-500": {
      "$type": "color",
      "$value": "#ffd147"
    },
    "brand-600": {
      "$type": "color",
      "$value": "#ffc01f"
    },
    "brand-700": {
      "$type": "color",
      "$value": "#d9990f"
    },
    "brand-800": {
      "$type": "color",
      "$value": "#b37504"
    },
    "brand-900": {
      "$type": "color",
      "$value": "#8c5600"
    },
    "brand-950": {
      "$type": "color",
      "$value": "#663c00"
    }
  },
  "nlfc": {
    "600": {
      "$type": "color",
      "$value": "#0a0a0a"
    },
    "secondary": {
      "50": {
        "$type": "color",
        "$value": "#fef2f2"
      },
      "100": {
        "$type": "color",
        "$value": "#fee2e2"
      },
      "200": {
        "$type": "color",
        "$value": "#fecaca"
      },
      "300": {
        "$type": "color",
        "$value": "#fca5a5"
      },
      "400": {
        "$type": "color",
        "$value": "#f87171"
      },
      "500": {
        "$type": "color",
        "$value": "#ef4444"
      },
      "600": {
        "$type": "color",
        "$value": "#dc2626"
      },
      "700": {
        "$type": "color",
        "$value": "#b91c1c"
      },
      "800": {
        "$type": "color",
        "$value": "#991b1b"
      },
      "900": {
        "$type": "color",
        "$value": "#7f1d1d"
      },
      "950": {
        "$type": "color",
        "$value": "#450a0a"
      }
    },
    "brand": {
      "50_2": {
        "$type": "color",
        "$value": "#fef2f2"
      },
      "100_2": {
        "$type": "color",
        "$value": "#fee2e2"
      },
      "200_2": {
        "$type": "color",
        "$value": "#fecaca"
      },
      "300_2": {
        "$type": "color",
        "$value": "#fca5a5"
      },
      "400_2": {
        "$type": "color",
        "$value": "#f87171"
      },
      "500_2": {
        "$type": "color",
        "$value": "#ef4444"
      },
      "600_2": {
        "$type": "color",
        "$value": "#dc2626"
      },
      "700_2": {
        "$type": "color",
        "$value": "#b91c1c"
      },
      "800_2": {
        "$type": "color",
        "$value": "#991b1b"
      },
      "900_2": {
        "$type": "color",
        "$value": "#7f1d1d"
      },
      "950_2": {
        "$type": "color",
        "$value": "#450a0a"
      }
    }
  }
}