{
  "font": {
    "family": {
      "primary": {
        "$type": "string",
        "$value": "Inter"
      },
      "secondary": {
        "$type": "string",
        "$value": "DM Sans"
      }
    }
  },
  "bg": {
    "brand": {
      "rest": {
        "on-light": {
          "$type": "color",
          "$value": "{blue.600}",
          "$description": "BG Brand 1 – Rest\n\n- Primary surfaces: Button, Badge background"
        },
        "on-dark": {
          "$type": "color",
          "$value": "{blue.400}",
          "$description": "BG Brand 1 – Rest\n\n- Primary surfaces: Button, Badge background"
        }
      },
      "hover": {
        "on-light": {
          "$type": "color",
          "$value": "{blue.700}",
          "$description": "BG Brand 1 – Hover\n\n- Primary surfaces: Button, Badge background"
        },
        "on-dark": {
          "$type": "color",
          "$value": "{blue.500}",
          "$description": "BG Brand 1 – Hover\n\n- Primary surfaces: Button, Badge background"
        }
      },
      "pressed": {
        "on-light": {
          "$type": "color",
          "$value": "{blue.800}",
          "$description": "BG Brand 1 – Pressed\n\n- Primary surfaces: Button background"
        },
        "on-dark": {
          "$type": "color",
          "$value": "{blue.300}",
          "$description": "BG Brand 1 – Pressed\n\n- Primary surfaces: Button background"
        }
      },
      "disabled": {
        "on-light": {
          "$type": "color",
          "$value": "{blue.200}",
          "$description": "BG Brand 1 – Disabled\n\n- Primary surfaces: Button background"
        },
        "on-dark": {
          "$type": "color",
          "$value": "{blue.900}",
          "$description": "BG Brand 1 – Disabled\n\n- Primary surfaces: Button background"
        }
      },
      "subtle": {
        "rest": {
          "on-light": {
            "$type": "color",
            "$value": "{blue.100}",
            "$description": "BG Brand 2 – Rest\n\n- Secondary surfaces: Button background"
          },
          "on-dark": {
            "$type": "color",
            "$value": "{blue.900}",
            "$description": "BG Brand 2 – Rest\n\n- Secondary surfaces: Button background"
          }
        },
        "hover": {
          "on-light": {
            "$type": "color",
            "$value": "{blue.200}",
            "$description": "BG Brand 2 – Hover\n\n- Secondary surfaces: Button background"
          },
          "on-dark": {
            "$type": "color",
            "$value": "{blue.800}",
            "$description": "BG Brand 2 – Hover\n\n- Secondary surfaces: Button background"
          }
        },
        "pressed": {
          "on-light": {
            "$type": "color",
            "$value": "{blue.300}",
            "$description": "BG Brand 2 – Pressed\n\n- Secondary surfaces: Button background"
          },
          "on-dark": {
            "$type": "color",
            "$value": "{blue.950}",
            "$description": "BG Brand 2 – Pressed\n\n- Secondary surfaces: Button background"
          }
        },
        "disabled": {
          "on-light": {
            "$type": "color",
            "$value": "{blue.100}",
            "$description": "BG Brand 2 – Disabled\n\n- Secondary surfaces: Button background"
          },
          "on-dark": {
            "$type": "color",
            "$value": "{blue.900}",
            "$description": "BG Brand 2 – Disabled\n\n- Secondary surfaces: Button background"
          }
        }
      }
    },
    "selected": {
      "rest": {
        "on-light": {
          "$type": "color",
          "$value": "{blue.100}",
          "$description": "BG Brand 2 – Rest\n\n- Secondary surfaces: Button background"
        },
        "on-dark": {
          "$type": "color",
          "$value": "{blue.900}",
          "$description": "BG Brand 2 – Rest\n\n- Secondary surfaces: Button background"
        }
      },
      "hover": {
        "on-light": {
          "$type": "color",
          "$value": "{blue.200}",
          "$description": "BG Brand 2 – Hover\n\n- Secondary surfaces: Button background"
        },
        "on-dark": {
          "$type": "color",
          "$value": "{blue.800}",
          "$description": "BG Brand 2 – Hover\n\n- Secondary surfaces: Button background"
        }
      },
      "pressed": {
        "on-light": {
          "$type": "color",
          "$value": "{blue.300}",
          "$description": "BG Brand 2 – Pressed\n\n- Secondary surfaces: Button background"
        },
        "on-dark": {
          "$type": "color",
          "$value": "{blue.950}",
          "$description": "BG Brand 2 – Pressed\n\n- Secondary surfaces: Button background"
        }
      },
      "disabled": {
        "on-light": {
          "$type": "color",
          "$value": "{blue.100}",
          "$description": "BG Brand 2 – Disabled\n\n- Secondary surfaces: Button background"
        },
        "on-dark": {
          "$type": "color",
          "$value": "{blue.900}",
          "$description": "BG Brand 2 – Disabled\n\n- Secondary surfaces: Button background"
        }
      },
      "bolder": {
        "rest": {
          "on-light": {
            "$type": "color",
            "$value": "{blue.100}",
            "$description": "BG Brand 2 – Rest\n\n- Secondary surfaces: Button background"
          },
          "on-dark": {
            "$type": "color",
            "$value": "{blue.900}",
            "$description": "BG Brand 2 – Rest\n\n- Secondary surfaces: Button background"
          }
        }
      },
      "boldest": {
        "rest": {
          "on-light": {
            "$type": "color",
            "$value": "{blue.600}",
            "$description": "BG Brand 1 – Rest\n\n- Primary surfaces: Button, Badge background"
          },
          "on-dark": {
            "$type": "color",
            "$value": "{blue.400}",
            "$description": "BG Brand 1 – Rest\n\n- Primary surfaces: Button, Badge background"
          }
        },
        "hover": {
          "on-light": {
            "$type": "color",
            "$value": "{blue.700}",
            "$description": "BG Brand 1 – Hover\n\n- Primary surfaces: Button, Badge background"
          },
          "on-dark": {
            "$type": "color",
            "$value": "{blue.500}",
            "$description": "BG Brand 1 – Hover\n\n- Primary surfaces: Button, Badge background"
          }
        },
        "pressed": {
          "on-light": {
            "$type": "color",
            "$value": "{blue.800}",
            "$description": "BG Brand 1 – Pressed\n\n- Primary surfaces: Button background"
          },
          "on-dark": {
            "$type": "color",
            "$value": "{blue.300}",
            "$description": "BG Brand 1 – Pressed\n\n- Primary surfaces: Button background"
          }
        },
        "disabled": {
          "on-light": {
            "$type": "color",
            "$value": "{blue.50}",
            "$description": "BG Brand 1 – Disabled\n\n- Primary surfaces: Button background"
          },
          "on-dark": {
            "$type": "color",
            "$value": "{blue.950}",
            "$description": "BG Brand 1 – Disabled\n\n- Primary surfaces: Button background"
          }
        }
      }
    }
  },
  "fg": {
    "btn": {
      "primary": {
        "on-light": {
          "$type": "color",
          "$value": "{white}",
          "$description": "Text, Icon of Primary Button"
        },
        "on-dark": {
          "$type": "color",
          "$value": "{neutral.900}",
          "$description": "Text, Icon of Primary Button"
        },
        "disabled": {
          "on-light": {
            "$type": "color",
            "$value": "{blue.300}",
            "$description": "Text, Icon of Primary Button (Disabled)"
          },
          "on-dark": {
            "$type": "color",
            "$value": "{blue.700}",
            "$description": "Text, Icon of Primary Button (Disabled)y surfaces: Icon, Text Button"
          }
        }
      }
    },
    "checkbox": {
      "on-light": {
        "$type": "color",
        "$value": "{white}",
        "$description": "Checkmark of checkbox"
      },
      "on-dark": {
        "$type": "color",
        "$value": "{neutral.900}",
        "$description": "Checkmark of checkbox"
      },
      "disabled-on-light": {
        "$type": "color",
        "$value": "{white}",
        "$description": "Text, Icon of Primary Button (Disabled)"
      },
      "disabled-on-dark": {
        "$type": "color",
        "$value": "{neutral.900}",
        "$description": "Text, Icon of Primary Button (Disabled)y surfaces: Icon, Text Button"
      }
    },
    "brand": {
      "rest": {
        "on-light": {
          "$type": "color",
          "$value": "{blue.600}"
        },
        "on-dark": {
          "$type": "color",
          "$value": "{blue.400}"
        },
        "strong": {
          "on-light": {
            "$type": "color",
            "$value": "{blue.800}"
          },
          "on-dark": {
            "$type": "color",
            "$value": "{blue.300}"
          }
        }
      },
      "hover": {
        "on-light": {
          "$type": "color",
          "$value": "{blue.500}"
        },
        "on-dark": {
          "$type": "color",
          "$value": "{blue.500}"
        }
      },
      "pressed": {
        "on-light": {
          "$type": "color",
          "$value": "{blue.700}"
        },
        "on-dark": {
          "$type": "color",
          "$value": "{blue.300}"
        },
        "strong": {
          "on-light": {
            "$type": "color",
            "$value": "{blue.800}"
          },
          "on-dark": {
            "$type": "color",
            "$value": "{blue.400}"
          }
        }
      },
      "disabled": {
        "on-light": {
          "$type": "color",
          "$value": "{blue.300}"
        },
        "on-dark": {
          "$type": "color",
          "$value": "{blue.700}"
        },
        "strong": {
          "on-light": {
            "$type": "color",
            "$value": "{blue.100}"
          },
          "on-dark": {
            "$type": "color",
            "$value": "{blue.900}"
          }
        }
      }
    },
    "selected": {
      "rest": {
        "on-light": {
          "$type": "color",
          "$value": "{blue.600}"
        },
        "on-dark": {
          "$type": "color",
          "$value": "{blue.400}"
        }
      },
      "hover": {
        "on-light": {
          "$type": "color",
          "$value": "{blue.500}"
        },
        "on-dark": {
          "$type": "color",
          "$value": "{blue.500}"
        }
      },
      "pressed": {
        "on-light": {
          "$type": "color",
          "$value": "{blue.700}"
        },
        "on-dark": {
          "$type": "color",
          "$value": "{blue.300}"
        }
      },
      "strong": {
        "on-light": {
          "$type": "color",
          "$value": "{blue.800}"
        },
        "on-dark": {
          "$type": "color",
          "$value": "{blue.400}"
        }
      },
      "disabled": {
        "on-light": {
          "$type": "color",
          "$value": "{blue.300}"
        },
        "on-dark": {
          "$type": "color",
          "$value": "{blue.700}"
        },
        "strong": {
          "on-light": {
            "$type": "color",
            "$value": "{blue.100}"
          },
          "on-dark": {
            "$type": "color",
            "$value": "{blue.900}"
          }
        }
      },
      "subtle": {
        "on-light": {
          "$type": "color",
          "$value": "{blue.600}"
        },
        "on-dark": {
          "$type": "color",
          "$value": "{blue.400}"
        }
      },
      "bold": {
        "on-light": {
          "$type": "color",
          "$value": "{white}"
        },
        "on-dark": {
          "$type": "color",
          "$value": "{neutral.900}"
        }
      }
    }
  },
  "border": {
    "indicator": {
      "on-light": {
        "$type": "color",
        "$value": "{blue.600}"
      },
      "on-dark": {
        "$type": "color",
        "$value": "{blue.400}"
      },
      "disabled": {
        "on-light": {
          "$type": "color",
          "$value": "{blue.300}"
        },
        "on-dark": {
          "$type": "color",
          "$value": "{blue.700}"
        }
      }
    },
    "input": {
      "active": {
        "on-light": {
          "$type": "color",
          "$value": "{blue.600}",
          "$description": "Component: Segment control"
        },
        "on-dark": {
          "$type": "color",
          "$value": "{blue.400}",
          "$description": "Component: Segment control"
        }
      }
    },
    "selected": {
      "secondary": {
        "on-light": {
          "$type": "color",
          "$value": "{blue.600}",
          "$description": "Component: Segment control"
        },
        "on-dark": {
          "$type": "color",
          "$value": "{blue.400}",
          "$description": "Component: Segment control"
        },
        "disabled": {
          "on-light": {
            "$type": "color",
            "$value": "{blue.300}"
          },
          "on-dark": {
            "$type": "color",
            "$value": "{blue.700}"
          }
        }
      }
    },
    "active": {
      "on-light": {
        "$type": "color",
        "$value": "{blue.600}"
      },
      "on-dark": {
        "$type": "color",
        "$value": "{blue.400}"
      },
      "strong": {
        "on-light": {
          "$type": "color",
          "$value": "{blue.800}"
        },
        "on-dark": {
          "$type": "color",
          "$value": "{blue.300}"
        }
      },
      "light": {
        "on-light": {
          "$type": "color",
          "$value": "{blue.300}"
        },
        "on-dark": {
          "$type": "color",
          "$value": "{blue.700}"
        }
      }
    }
  },
  "focus-ring": {
    "on-light": {
      "$type": "color",
      "$value": "{blue.600}",
      "$description": "Component: Segment control"
    },
    "on-dark": {
      "$type": "color",
      "$value": "{blue.400}",
      "$description": "Component: Segment control"
    }
  }
}