{
  "50": {
    "x": {
      "$type": "dimension",
      "$value": "0px"
    },
    "y": {
      "$type": "dimension",
      "$value": "1px"
    },
    "Blur": {
      "$type": "dimension",
      "$value": "2px"
    },
    "spread": {
      "$type": "dimension",
      "$value": "0px"
    },
    "color": {
      "$type": "color",
      "$value": "#0000000a"
    }
  },
  "100": {
    "x": {
      "$type": "dimension",
      "$value": "0px"
    },
    "y": {
      "$type": "dimension",
      "$value": "3px"
    },
    "Blur": {
      "$type": "dimension",
      "$value": "4px"
    },
    "spread": {
      "$type": "dimension",
      "$value": "0px"
    },
    "color": {
      "$type": "color",
      "$value": "#0000000a"
    }
  },
  "200": {
    "x": {
      "$type": "dimension",
      "$value": "0px"
    },
    "y": {
      "$type": "dimension",
      "$value": "3px"
    },
    "Blur": {
      "$type": "dimension",
      "$value": "8px"
    },
    "spread": {
      "$type": "dimension",
      "$value": "0px"
    },
    "color": {
      "$type": "color",
      "$value": "#00000014"
    }
  },
  "300": {
    "x": {
      "$type": "dimension",
      "$value": "0px"
    },
    "y": {
      "$type": "dimension",
      "$value": "5px"
    },
    "Blur": {
      "$type": "dimension",
      "$value": "12px"
    },
    "spread": {
      "$type": "dimension",
      "$value": "0px"
    },
    "color": {
      "$type": "color",
      "$value": "#0000001f"
    }
  },
  "400": {
    "x": {
      "$type": "dimension",
      "$value": "0px"
    },
    "y": {
      "$type": "dimension",
      "$value": "5px"
    },
    "Blur": {
      "$type": "dimension",
      "$value": "16px"
    },
    "spread": {
      "$type": "dimension",
      "$value": "0px"
    },
    "color": {
      "$type": "color",
      "$value": "#00000029"
    }
  },
  "500": {
    "x": {
      "$type": "dimension",
      "$value": "0px"
    },
    "y": {
      "$type": "dimension",
      "$value": "6px"
    },
    "Blur": {
      "$type": "dimension",
      "$value": "24px"
    },
    "spread": {
      "$type": "dimension",
      "$value": "0px"
    },
    "color": {
      "$type": "color",
      "$value": "#00000029"
    }
  },
  "600": {
    "x": {
      "$type": "dimension",
      "$value": "0px"
    },
    "y": {
      "$type": "dimension",
      "$value": "6px"
    },
    "Blur": {
      "$type": "dimension",
      "$value": "32px"
    },
    "spread": {
      "$type": "dimension",
      "$value": "0px"
    },
    "color": {
      "$type": "color",
      "$value": "#00000029"
    }
  }
}